txn_dt,menu_article,units_moved,batch_yield,unit_cost_rm,markdown_rate,meteo,calendar_dow
2024-01-01,Croissant,38,44,3.5,0,Sunny,Monday
2024-01-02,Croissant,26,30,3.5,0,Rainy,Tuesday
2024-01-03,Croissant,30,36,3.5,0,Cloudy,Wednesday
2024-01-04,Croissant,29,34,3.5,0,Cloudy,Thursday
2024-01-05,Croissant,43,52,3.5,0,Sunny,Friday
2024-01-06,Croissant,51,61,3.5,0,Sunny,Saturday
2024-01-07,Croissant,52,56,3.5,0,Sunny,Sunday
2024-01-08,Croissant,32,39,3.5,20,Rainy,Monday
2024-01-09,Croissant,31,36,3.5,0,Cloudy,Tuesday
2024-01-10,Croissant,24,27,3.5,0,Cloudy,Wednesday
2024-01-11,Croissant,43,51,3.5,30,Sunny,Thursday
2024-01-12,Croissant,25,29,3.5,0,Rainy,Friday
2024-01-13,Croissant,58,64,3.5,0,Cloudy,Saturday
2024-01-14,Croissant,61,75,3.5,0,Sunny,Sunday
2024-01-15,Croissant,29,33,3.5,0,Sunny,Monday
2024-01-16,Croissant,37,43,3.5,0,Sunny,Tuesday
2024-01-17,Croissant,36,41,3.5,0,Sunny,Wednesday
2024-01-18,Croissant,29,31,3.5,0,Sunny,Thursday
2024-01-19,Croissant,29,35,3.5,0,Sunny,Friday
2024-01-20,Croissant,49,60,3.5,0,Sunny,Saturday
2024-01-21,Croissant,59,72,3.5,0,Cloudy,Sunday
2024-01-22,Croissant,56,63,3.5,30,Sunny,Monday
2024-01-23,Croissant,35,41,3.5,0,Sunny,Tuesday
2024-01-24,Croissant,30,36,3.5,0,Sunny,Wednesday
2024-01-25,Croissant,34,42,3.5,0,Sunny,Thursday
2024-01-26,Croissant,43,49,3.5,20,Cloudy,Friday
2024-01-27,Croissant,55,62,3.5,0,Sunny,Saturday
2024-01-28,Croissant,67,74,3.5,0,Sunny,Sunday
2024-01-29,Croissant,29,31,3.5,0,Cloudy,Monday
2024-01-30,Croissant,34,37,3.5,0,Sunny,Tuesday
2024-01-31,Croissant,33,37,3.5,0,Cloudy,Wednesday
2024-02-01,Croissant,33,38,3.5,0,Sunny,Thursday
2024-02-02,Croissant,38,41,3.5,0,Sunny,Friday
2024-02-03,Croissant,45,52,3.5,0,Rainy,Saturday
2024-02-04,Croissant,42,51,3.5,0,Rainy,Sunday
2024-02-05,Croissant,28,33,3.5,0,Cloudy,Monday
2024-02-06,Croissant,42,46,3.5,0,Sunny,Tuesday
2024-02-07,Croissant,43,50,3.5,15,Sunny,Wednesday
2024-02-08,Croissant,28,32,3.5,0,Cloudy,Thursday
2024-02-09,Croissant,62,69,3.5,30,Sunny,Friday
2024-02-10,Croissant,96,116,3.5,10,Sunny,Saturday
2024-02-11,Croissant,55,61,3.5,0,Sunny,Sunday
2024-02-12,Croissant,31,37,3.5,10,Sunny,Monday
2024-02-13,Croissant,27,31,3.5,0,Rainy,Tuesday
2024-02-14,Croissant,49,56,3.5,0,Sunny,Wednesday
2024-02-15,Croissant,26,28,3.5,0,Cloudy,Thursday
2024-02-16,Croissant,57,69,3.5,30,Sunny,Friday
2024-02-17,Croissant,53,57,3.5,0,Sunny,Saturday
2024-02-18,Croissant,52,60,3.5,0,Sunny,Sunday
2024-02-19,Croissant,32,34,3.5,0,Sunny,Monday
2024-02-20,Croissant,29,31,3.5,0,Rainy,Tuesday
2024-02-21,Croissant,34,39,3.5,0,Cloudy,Wednesday
2024-02-22,Croissant,32,38,3.5,0,Rainy,Thursday
2024-02-23,Croissant,39,47,3.5,0,Rainy,Friday
2024-02-24,Croissant,59,68,3.5,0,Cloudy,Saturday
2024-02-25,Croissant,73,85,3.5,30,Rainy,Sunday
2024-02-26,Croissant,36,44,3.5,0,Sunny,Monday
2024-02-27,Croissant,37,40,3.5,0,Sunny,Tuesday
2024-02-28,Croissant,45,50,3.5,15,Sunny,Wednesday
2024-02-29,Croissant,35,40,3.5,0,Sunny,Thursday
2024-03-01,Croissant,36,41,3.5,0,Sunny,Friday
2024-03-02,Croissant,51,57,3.5,0,Sunny,Saturday
2024-03-03,Croissant,50,61,3.5,0,Cloudy,Sunday
2024-03-04,Croissant,29,33,3.5,0,Sunny,Monday
2024-03-05,Croissant,41,45,3.5,0,Sunny,Tuesday
2024-03-06,Croissant,42,49,3.5,0,Sunny,Wednesday
2024-03-07,Croissant,32,38,3.5,0,Sunny,Thursday
2024-03-08,Croissant,48,54,3.5,0,Cloudy,Friday
2024-03-09,Croissant,58,66,3.5,0,Sunny,Saturday
2024-03-10,Croissant,59,64,3.5,0,Rainy,Sunday
2024-03-11,Croissant,52,63,3.5,30,Cloudy,Monday
2024-03-12,Croissant,37,44,3.5,0,Sunny,Tuesday
2024-03-13,Croissant,33,39,3.5,0,Sunny,Wednesday
2024-03-14,Croissant,28,33,3.5,0,Cloudy,Thursday
2024-03-15,Croissant,36,40,3.5,0,Cloudy,Friday
2024-03-16,Croissant,49,56,3.5,0,Cloudy,Saturday
2024-03-17,Croissant,47,52,3.5,0,Cloudy,Sunday
2024-03-18,Croissant,28,33,3.5,0,Sunny,Monday
2024-03-19,Croissant,51,61,3.5,30,Sunny,Tuesday
2024-03-20,Croissant,45,50,3.5,30,Sunny,Wednesday
2024-03-21,Croissant,21,25,3.5,0,Rainy,Thursday
2024-03-22,Croissant,32,39,3.5,0,Cloudy,Friday
2024-03-23,Croissant,53,63,3.5,0,Sunny,Saturday
2024-03-24,Croissant,56,64,3.5,0,Sunny,Sunday
2024-03-25,Croissant,31,34,3.5,0,Sunny,Monday
2024-03-26,Croissant,34,37,3.5,0,Sunny,Tuesday
2024-03-27,Croissant,50,59,3.5,30,Cloudy,Wednesday
2024-03-28,Croissant,39,44,3.5,0,Cloudy,Thursday
2024-03-29,Croissant,35,40,3.5,0,Rainy,Friday
2024-03-30,Croissant,56,68,3.5,0,Sunny,Saturday
2024-03-31,Croissant,97,118,3.5,0,Sunny,Sunday
2024-04-01,Croissant,27,31,3.5,0,Cloudy,Monday
2024-04-02,Croissant,32,39,3.5,0,Cloudy,Tuesday
2024-04-03,Croissant,30,34,3.5,0,Cloudy,Wednesday
2024-04-04,Croissant,32,35,3.5,0,Cloudy,Thursday
2024-04-05,Croissant,41,45,3.5,0,Sunny,Friday
2024-04-06,Croissant,52,58,3.5,0,Sunny,Saturday
2024-04-07,Croissant,53,60,3.5,0,Sunny,Sunday
2024-04-08,Croissant,36,40,3.5,0,Sunny,Monday
2024-04-09,Croissant,45,54,3.5,20,Sunny,Tuesday
2024-04-10,Croissant,53,60,3.5,0,Sunny,Wednesday
2024-04-11,Croissant,43,51,3.5,0,Cloudy,Thursday
2024-04-12,Croissant,54,65,3.5,10,Sunny,Friday
2024-04-13,Croissant,71,84,3.5,0,Sunny,Saturday
2024-04-14,Croissant,55,60,3.5,0,Rainy,Sunday
2024-04-15,Croissant,44,47,3.5,10,Sunny,Monday
2024-04-16,Croissant,56,67,3.5,25,Sunny,Tuesday
2024-04-17,Croissant,36,43,3.5,0,Cloudy,Wednesday
2024-04-18,Croissant,35,42,3.5,0,Sunny,Thursday
2024-04-19,Croissant,42,46,3.5,0,Sunny,Friday
2024-04-20,Croissant,53,58,3.5,0,Sunny,Saturday
2024-04-21,Croissant,64,74,3.5,0,Sunny,Sunday
2024-04-22,Croissant,34,39,3.5,0,Rainy,Monday
2024-04-23,Croissant,38,46,3.5,0,Cloudy,Tuesday
2024-04-24,Croissant,38,45,3.5,0,Cloudy,Wednesday
2024-04-25,Croissant,36,40,3.5,0,Rainy,Thursday
2024-04-26,Croissant,44,50,3.5,15,Cloudy,Friday
2024-04-27,Croissant,66,74,3.5,0,Sunny,Saturday
2024-04-28,Croissant,51,60,3.5,0,Rainy,Sunday
2024-04-29,Croissant,36,44,3.5,0,Sunny,Monday
2024-04-30,Croissant,36,42,3.5,10,Cloudy,Tuesday
2024-05-01,Croissant,35,40,3.5,0,Rainy,Wednesday
2024-05-02,Croissant,34,38,3.5,0,Sunny,Thursday
2024-05-03,Croissant,60,66,3.5,20,Sunny,Friday
2024-05-04,Croissant,63,75,3.5,0,Sunny,Saturday
2024-05-05,Croissant,55,65,3.5,0,Sunny,Sunday
2024-05-06,Croissant,26,28,3.5,0,Cloudy,Monday
2024-05-07,Croissant,32,37,3.5,10,Rainy,Tuesday
2024-05-08,Croissant,34,37,3.5,0,Sunny,Wednesday
2024-05-09,Croissant,33,39,3.5,0,Sunny,Thursday
2024-05-10,Croissant,42,45,3.5,0,Sunny,Friday
2024-05-11,Croissant,57,62,3.5,0,Sunny,Saturday
2024-05-12,Croissant,93,112,3.5,0,Sunny,Sunday
2024-05-13,Croissant,35,42,3.5,0,Sunny,Monday
2024-05-14,Croissant,31,34,3.5,0,Rainy,Tuesday
2024-05-15,Croissant,53,64,3.5,20,Sunny,Wednesday
2024-05-16,Croissant,37,42,3.5,0,Sunny,Thursday
2024-05-17,Croissant,40,45,3.5,0,Cloudy,Friday
2024-05-18,Croissant,64,72,3.5,0,Sunny,Saturday
2024-05-19,Croissant,49,55,3.5,0,Rainy,Sunday
2024-05-20,Croissant,30,33,3.5,10,Rainy,Monday
2024-05-21,Croissant,32,36,3.5,0,Sunny,Tuesday
2024-05-22,Croissant,37,43,3.5,0,Sunny,Wednesday
2024-05-23,Croissant,49,55,3.5,0,Sunny,Thursday
2024-05-24,Croissant,52,58,3.5,0,Sunny,Friday
2024-05-25,Croissant,72,81,3.5,0,Sunny,Saturday
2024-05-26,Croissant,62,74,3.5,0,Cloudy,Sunday
2024-05-27,Croissant,30,33,3.5,10,Sunny,Monday
2024-05-28,Croissant,37,40,3.5,0,Sunny,Tuesday
2024-05-29,Croissant,42,51,3.5,0,Sunny,Wednesday
2024-05-30,Croissant,30,33,3.5,0,Rainy,Thursday
2024-05-31,Croissant,50,60,3.5,0,Sunny,Friday
2024-06-01,Croissant,57,68,3.5,0,Sunny,Saturday
2024-06-02,Croissant,63,71,3.5,0,Sunny,Sunday
2024-06-03,Croissant,24,27,3.5,0,Rainy,Monday
2024-06-04,Croissant,39,44,3.5,0,Sunny,Tuesday
2024-06-05,Croissant,38,43,3.5,0,Cloudy,Wednesday
2024-06-06,Croissant,41,46,3.5,15,Cloudy,Thursday
2024-06-07,Croissant,38,45,3.5,0,Sunny,Friday
2024-06-08,Croissant,86,93,3.5,30,Cloudy,Saturday
2024-06-09,Croissant,93,111,3.5,20,Sunny,Sunday
2024-06-10,Croissant,35,38,3.5,0,Cloudy,Monday
2024-06-11,Croissant,38,44,3.5,0,Cloudy,Tuesday
2024-06-12,Croissant,42,46,3.5,0,Sunny,Wednesday
2024-06-13,Croissant,40,44,3.5,0,Sunny,Thursday
2024-06-14,Croissant,41,48,3.5,0,Cloudy,Friday
2024-06-15,Croissant,72,82,3.5,0,Sunny,Saturday
2024-06-16,Croissant,69,78,3.5,0,Sunny,Sunday
2024-06-17,Croissant,28,33,3.5,0,Sunny,Monday
2024-06-18,Croissant,33,37,3.5,0,Cloudy,Tuesday
2024-06-19,Croissant,41,49,3.5,0,Cloudy,Wednesday
2024-06-20,Croissant,34,38,3.5,0,Sunny,Thursday
2024-06-21,Croissant,37,40,3.5,0,Sunny,Friday
2024-06-22,Croissant,72,83,3.5,0,Sunny,Saturday
2024-06-23,Croissant,68,74,3.5,0,Cloudy,Sunday
2024-06-24,Croissant,38,42,3.5,0,Sunny,Monday
2024-06-25,Croissant,40,47,3.5,0,Cloudy,Tuesday
2024-06-26,Croissant,41,46,3.5,0,Sunny,Wednesday
2024-06-27,Croissant,31,37,3.5,0,Rainy,Thursday
2024-06-28,Croissant,61,72,3.5,25,Sunny,Friday
2024-01-01,Baguette,36,41,2.8,0,Sunny,Monday
2024-01-02,Baguette,28,31,2.8,0,Rainy,Tuesday
2024-01-03,Baguette,27,31,2.8,0,Cloudy,Wednesday
2024-01-04,Baguette,27,33,2.8,0,Cloudy,Thursday
2024-01-05,Baguette,32,38,2.8,0,Sunny,Friday
2024-01-06,Baguette,60,70,2.8,25,Sunny,Saturday
2024-01-07,Baguette,61,70,2.8,25,Sunny,Sunday
2024-01-08,Baguette,31,37,2.8,20,Rainy,Monday
2024-01-09,Baguette,26,29,2.8,0,Cloudy,Tuesday
2024-01-10,Baguette,27,32,2.8,0,Cloudy,Wednesday
2024-01-11,Baguette,28,31,2.8,10,Sunny,Thursday
2024-01-12,Baguette,21,24,2.8,0,Rainy,Friday
2024-01-13,Baguette,33,39,2.8,0,Cloudy,Saturday
2024-01-14,Baguette,46,53,2.8,25,Sunny,Sunday
2024-01-15,Baguette,18,21,2.8,0,Sunny,Monday
2024-01-16,Baguette,22,24,2.8,0,Sunny,Tuesday
2024-01-17,Baguette,24,28,2.8,0,Sunny,Wednesday
2024-01-18,Baguette,26,31,2.8,0,Sunny,Thursday
2024-01-19,Baguette,36,39,2.8,0,Sunny,Friday
2024-01-20,Baguette,43,47,2.8,0,Sunny,Saturday
2024-01-21,Baguette,35,38,2.8,0,Cloudy,Sunday
2024-01-22,Baguette,20,23,2.8,0,Sunny,Monday
2024-01-23,Baguette,25,28,2.8,0,Sunny,Tuesday
2024-01-24,Baguette,27,30,2.8,0,Sunny,Wednesday
2024-01-25,Baguette,27,31,2.8,0,Sunny,Thursday
2024-01-26,Baguette,36,42,2.8,20,Cloudy,Friday
2024-01-27,Baguette,27,31,2.8,0,Sunny,Saturday
2024-01-28,Baguette,27,30,2.8,0,Sunny,Sunday
2024-01-29,Baguette,19,22,2.8,0,Cloudy,Monday
2024-01-30,Baguette,28,32,2.8,0,Sunny,Tuesday
2024-01-31,Baguette,41,46,2.8,25,Cloudy,Wednesday
2024-02-01,Baguette,23,27,2.8,0,Sunny,Thursday
2024-02-02,Baguette,30,36,2.8,0,Sunny,Friday
2024-02-03,Baguette,26,30,2.8,0,Rainy,Saturday
2024-02-04,Baguette,27,32,2.8,0,Rainy,Sunday
2024-02-05,Baguette,22,27,2.8,0,Cloudy,Monday
2024-02-06,Baguette,35,40,2.8,15,Sunny,Tuesday
2024-02-07,Baguette,25,29,2.8,0,Sunny,Wednesday
2024-02-08,Baguette,22,26,2.8,0,Cloudy,Thursday
2024-02-09,Baguette,26,31,2.8,0,Sunny,Friday
2024-02-10,Baguette,40,45,2.8,0,Sunny,Saturday
2024-02-11,Baguette,34,41,2.8,0,Sunny,Sunday
2024-02-12,Baguette,33,37,2.8,15,Sunny,Monday
2024-02-13,Baguette,24,28,2.8,0,Rainy,Tuesday
2024-02-14,Baguette,48,55,2.8,0,Sunny,Wednesday
2024-02-15,Baguette,32,37,2.8,0,Cloudy,Thursday
2024-02-16,Baguette,37,45,2.8,0,Sunny,Friday
2024-02-17,Baguette,43,51,2.8,0,Sunny,Saturday
2024-02-18,Baguette,38,44,2.8,0,Sunny,Sunday
2024-02-19,Baguette,22,24,2.8,0,Sunny,Monday
2024-02-20,Baguette,35,41,2.8,20,Rainy,Tuesday
2024-02-21,Baguette,34,41,2.8,0,Cloudy,Wednesday
2024-02-22,Baguette,28,30,2.8,0,Rainy,Thursday
2024-02-23,Baguette,21,25,2.8,0,Rainy,Friday
2024-02-24,Baguette,43,51,2.8,25,Cloudy,Saturday
2024-02-25,Baguette,34,40,2.8,0,Rainy,Sunday
2024-02-26,Baguette,27,30,2.8,0,Sunny,Monday
2024-02-27,Baguette,29,32,2.8,0,Sunny,Tuesday
2024-02-28,Baguette,29,34,2.8,0,Sunny,Wednesday
2024-02-29,Baguette,28,31,2.8,0,Sunny,Thursday
2024-03-01,Baguette,25,28,2.8,0,Sunny,Friday
2024-03-02,Baguette,31,37,2.8,0,Sunny,Saturday
2024-03-03,Baguette,32,34,2.8,0,Cloudy,Sunday
2024-03-04,Baguette,29,33,2.8,20,Sunny,Monday
2024-03-05,Baguette,26,32,2.8,0,Sunny,Tuesday
2024-03-06,Baguette,33,38,2.8,15,Sunny,Wednesday
2024-03-07,Baguette,30,35,2.8,0,Sunny,Thursday
2024-03-08,Baguette,47,55,2.8,0,Cloudy,Friday
2024-03-09,Baguette,41,48,2.8,0,Sunny,Saturday
2024-03-10,Baguette,42,46,2.8,15,Rainy,Sunday
2024-03-11,Baguette,27,29,2.8,0,Cloudy,Monday
2024-03-12,Baguette,30,34,2.8,0,Sunny,Tuesday
2024-03-13,Baguette,32,38,2.8,0,Sunny,Wednesday
2024-03-14,Baguette,29,35,2.8,0,Cloudy,Thursday
2024-03-15,Baguette,37,45,2.8,20,Cloudy,Friday
2024-03-16,Baguette,42,49,2.8,0,Cloudy,Saturday
2024-03-17,Baguette,46,54,2.8,0,Cloudy,Sunday
2024-03-18,Baguette,29,34,2.8,0,Sunny,Monday
2024-03-19,Baguette,32,37,2.8,0,Sunny,Tuesday
2024-03-20,Baguette,30,36,2.8,0,Sunny,Wednesday
2024-03-21,Baguette,38,45,2.8,30,Rainy,Thursday
2024-03-22,Baguette,33,38,2.8,0,Cloudy,Friday
2024-03-23,Baguette,36,42,2.8,0,Sunny,Saturday
2024-03-24,Baguette,27,33,2.8,0,Sunny,Sunday
2024-03-25,Baguette,16,19,2.8,0,Sunny,Monday
2024-03-26,Baguette,22,24,2.8,0,Sunny,Tuesday
2024-03-27,Baguette,22,25,2.8,0,Cloudy,Wednesday
2024-03-28,Baguette,27,33,2.8,10,Cloudy,Thursday
2024-03-29,Baguette,28,34,2.8,10,Rainy,Friday
2024-03-30,Baguette,35,39,2.8,0,Sunny,Saturday
2024-03-31,Baguette,69,84,2.8,0,Sunny,Sunday
2024-04-01,Baguette,27,30,2.8,0,Cloudy,Monday
2024-04-02,Baguette,27,32,2.8,0,Cloudy,Tuesday
2024-04-03,Baguette,37,41,2.8,20,Cloudy,Wednesday
2024-04-04,Baguette,31,35,2.8,0,Cloudy,Thursday
2024-04-05,Baguette,37,43,2.8,10,Sunny,Friday
2024-04-06,Baguette,30,35,2.8,0,Sunny,Saturday
2024-04-07,Baguette,35,43,2.8,0,Sunny,Sunday
2024-04-08,Baguette,31,37,2.8,0,Sunny,Monday
2024-04-09,Baguette,41,47,2.8,25,Sunny,Tuesday
2024-04-10,Baguette,39,44,2.8,10,Sunny,Wednesday
2024-04-11,Baguette,28,34,2.8,15,Cloudy,Thursday
2024-04-12,Baguette,35,38,2.8,0,Sunny,Friday
2024-04-13,Baguette,48,54,2.8,0,Sunny,Saturday
2024-04-14,Baguette,38,41,2.8,0,Rainy,Sunday
2024-04-15,Baguette,30,35,2.8,0,Sunny,Monday
2024-04-16,Baguette,40,46,2.8,10,Sunny,Tuesday
2024-04-17,Baguette,30,35,2.8,0,Cloudy,Wednesday
2024-04-18,Baguette,30,36,2.8,0,Sunny,Thursday
2024-04-19,Baguette,40,44,2.8,0,Sunny,Friday
2024-04-20,Baguette,37,45,2.8,0,Sunny,Saturday
2024-04-21,Baguette,44,52,2.8,20,Sunny,Sunday
2024-04-22,Baguette,19,22,2.8,0,Rainy,Monday
2024-04-23,Baguette,26,31,2.8,0,Cloudy,Tuesday
2024-04-24,Baguette,26,30,2.8,0,Cloudy,Wednesday
2024-04-25,Baguette,25,31,2.8,0,Rainy,Thursday
2024-04-26,Baguette,35,41,2.8,0,Cloudy,Friday
2024-04-27,Baguette,35,38,2.8,0,Sunny,Saturday
2024-04-28,Baguette,32,36,2.8,0,Rainy,Sunday
2024-04-29,Baguette,27,32,2.8,0,Sunny,Monday
2024-04-30,Baguette,41,50,2.8,25,Cloudy,Tuesday
2024-05-01,Baguette,33,39,2.8,0,Rainy,Wednesday
2024-05-02,Baguette,27,29,2.8,0,Sunny,Thursday
2024-05-03,Baguette,33,41,2.8,0,Sunny,Friday
2024-05-04,Baguette,47,55,2.8,0,Sunny,Saturday
2024-05-05,Baguette,41,44,2.8,0,Sunny,Sunday
2024-05-06,Baguette,25,28,2.8,0,Cloudy,Monday
2024-05-07,Baguette,32,36,2.8,15,Rainy,Tuesday
2024-05-08,Baguette,25,28,2.8,0,Sunny,Wednesday
2024-05-09,Baguette,22,25,2.8,0,Sunny,Thursday
2024-05-10,Baguette,32,37,2.8,0,Sunny,Friday
2024-05-11,Baguette,38,46,2.8,0,Sunny,Saturday
2024-05-12,Baguette,62,70,2.8,0,Sunny,Sunday
2024-05-13,Baguette,28,32,2.8,0,Sunny,Monday
2024-05-14,Baguette,26,31,2.8,0,Rainy,Tuesday
2024-05-15,Baguette,31,35,2.8,0,Sunny,Wednesday
2024-05-16,Baguette,37,43,2.8,10,Sunny,Thursday
2024-05-17,Baguette,40,45,2.8,0,Cloudy,Friday
2024-05-18,Baguette,50,55,2.8,0,Sunny,Saturday
2024-05-19,Baguette,29,32,2.8,0,Rainy,Sunday
2024-05-20,Baguette,19,22,2.8,0,Rainy,Monday
2024-05-21,Baguette,37,41,2.8,0,Sunny,Tuesday
2024-05-22,Baguette,29,34,2.8,0,Sunny,Wednesday
2024-05-23,Baguette,31,38,2.8,0,Sunny,Thursday
2024-05-24,Baguette,52,60,2.8,30,Sunny,Friday
2024-05-25,Baguette,37,41,2.8,0,Sunny,Saturday
2024-05-26,Baguette,38,41,2.8,0,Cloudy,Sunday
2024-05-27,Baguette,28,31,2.8,0,Sunny,Monday
2024-05-28,Baguette,39,46,2.8,0,Sunny,Tuesday
2024-05-29,Baguette,35,38,2.8,0,Sunny,Wednesday
2024-05-30,Baguette,24,27,2.8,0,Rainy,Thursday
2024-05-31,Baguette,48,54,2.8,25,Sunny,Friday
2024-06-01,Baguette,44,48,2.8,0,Sunny,Saturday
2024-06-02,Baguette,45,55,2.8,0,Sunny,Sunday
2024-06-03,Baguette,31,37,2.8,20,Rainy,Monday
2024-06-04,Baguette,29,34,2.8,0,Sunny,Tuesday
2024-06-05,Baguette,31,34,2.8,0,Cloudy,Wednesday
2024-06-06,Baguette,30,34,2.8,0,Cloudy,Thursday
2024-06-07,Baguette,42,49,2.8,0,Sunny,Friday
2024-06-08,Baguette,40,44,2.8,0,Cloudy,Saturday
2024-06-09,Baguette,49,58,2.8,25,Sunny,Sunday
2024-06-10,Baguette,21,24,2.8,0,Cloudy,Monday
2024-06-11,Baguette,26,32,2.8,0,Cloudy,Tuesday
2024-06-12,Baguette,32,37,2.8,0,Sunny,Wednesday
2024-06-13,Baguette,31,34,2.8,0,Sunny,Thursday
2024-06-14,Baguette,34,39,2.8,0,Cloudy,Friday
2024-06-15,Baguette,45,52,2.8,0,Sunny,Saturday
2024-06-16,Baguette,47,53,2.8,0,Sunny,Sunday
2024-06-17,Baguette,25,29,2.8,0,Sunny,Monday
2024-06-18,Baguette,33,39,2.8,0,Cloudy,Tuesday
2024-06-19,Baguette,28,32,2.8,0,Cloudy,Wednesday
2024-06-20,Baguette,27,30,2.8,0,Sunny,Thursday
2024-06-21,Baguette,40,44,2.8,0,Sunny,Friday
2024-06-22,Baguette,48,57,2.8,0,Sunny,Saturday
2024-06-23,Baguette,43,49,2.8,0,Cloudy,Sunday
2024-06-24,Baguette,27,32,2.8,0,Sunny,Monday
2024-06-25,Baguette,23,27,2.8,0,Cloudy,Tuesday
2024-06-26,Baguette,28,32,2.8,0,Sunny,Wednesday
2024-06-27,Baguette,30,34,2.8,0,Rainy,Thursday
2024-06-28,Baguette,33,37,2.8,0,Sunny,Friday
2024-01-01,Danish,25,28,4.2,0,Sunny,Monday
2024-01-02,Danish,14,17,4.2,0,Rainy,Tuesday
2024-01-03,Danish,21,24,4.2,0,Cloudy,Wednesday
2024-01-04,Danish,24,29,4.2,0,Cloudy,Thursday
2024-01-05,Danish,34,38,4.2,0,Sunny,Friday
2024-01-06,Danish,45,53,4.2,0,Sunny,Saturday
2024-01-07,Danish,40,44,4.2,0,Sunny,Sunday
2024-01-08,Danish,15,16,4.2,0,Rainy,Monday
2024-01-09,Danish,22,27,4.2,0,Cloudy,Tuesday
2024-01-10,Danish,20,23,4.2,0,Cloudy,Wednesday
2024-01-11,Danish,29,34,4.2,15,Sunny,Thursday
2024-01-12,Danish,17,20,4.2,10,Rainy,Friday
2024-01-13,Danish,33,38,4.2,0,Cloudy,Saturday
2024-01-14,Danish,29,32,4.2,0,Sunny,Sunday
2024-01-15,Danish,23,26,4.2,30,Sunny,Monday
2024-01-16,Danish,26,29,4.2,0,Sunny,Tuesday
2024-01-17,Danish,27,30,4.2,0,Sunny,Wednesday
2024-01-18,Danish,26,31,4.2,0,Sunny,Thursday
2024-01-19,Danish,31,37,4.2,0,Sunny,Friday
2024-01-20,Danish,39,47,4.2,0,Sunny,Saturday
2024-01-21,Danish,36,41,4.2,0,Cloudy,Sunday
2024-01-22,Danish,28,33,4.2,0,Sunny,Monday
2024-01-23,Danish,28,31,4.2,0,Sunny,Tuesday
2024-01-24,Danish,32,37,4.2,15,Sunny,Wednesday
2024-01-25,Danish,30,35,4.2,0,Sunny,Thursday
2024-01-26,Danish,30,34,4.2,0,Cloudy,Friday
2024-01-27,Danish,41,45,4.2,0,Sunny,Saturday
2024-01-28,Danish,36,41,4.2,0,Sunny,Sunday
2024-01-29,Danish,16,18,4.2,0,Cloudy,Monday
2024-01-30,Danish,30,34,4.2,0,Sunny,Tuesday
2024-01-31,Danish,26,31,4.2,0,Cloudy,Wednesday
2024-02-01,Danish,25,29,4.2,0,Sunny,Thursday
2024-02-02,Danish,30,34,4.2,0,Sunny,Friday
2024-02-03,Danish,38,42,4.2,15,Rainy,Saturday
2024-02-04,Danish,42,48,4.2,30,Rainy,Sunday
2024-02-05,Danish,16,19,4.2,0,Cloudy,Monday
2024-02-06,Danish,28,32,4.2,0,Sunny,Tuesday
2024-02-07,Danish,29,32,4.2,0,Sunny,Wednesday
2024-02-08,Danish,21,23,4.2,0,Cloudy,Thursday
2024-02-09,Danish,34,38,4.2,0,Sunny,Friday
2024-02-10,Danish,67,78,4.2,0,Sunny,Saturday
2024-02-11,Danish,53,61,4.2,0,Sunny,Sunday
2024-02-12,Danish,30,34,4.2,0,Sunny,Monday
2024-02-13,Danish,18,22,4.2,0,Rainy,Tuesday
2024-02-14,Danish,41,46,4.2,0,Sunny,Wednesday
2024-02-15,Danish,24,26,4.2,0,Cloudy,Thursday
2024-02-16,Danish,30,35,4.2,0,Sunny,Friday
2024-02-17,Danish,39,45,4.2,0,Sunny,Saturday
2024-02-18,Danish,67,80,4.2,30,Sunny,Sunday
2024-02-19,Danish,29,32,4.2,0,Sunny,Monday
2024-02-20,Danish,22,27,4.2,0,Rainy,Tuesday
2024-02-21,Danish,25,27,4.2,0,Cloudy,Wednesday
2024-02-22,Danish,20,23,4.2,0,Rainy,Thursday
2024-02-23,Danish,22,24,4.2,0,Rainy,Friday
2024-02-24,Danish,43,48,4.2,0,Cloudy,Saturday
2024-02-25,Danish,30,36,4.2,0,Rainy,Sunday
2024-02-26,Danish,24,28,4.2,0,Sunny,Monday
2024-02-27,Danish,34,39,4.2,0,Sunny,Tuesday
2024-02-28,Danish,32,35,4.2,0,Sunny,Wednesday
2024-02-29,Danish,29,32,4.2,0,Sunny,Thursday
2024-03-01,Danish,35,43,4.2,0,Sunny,Friday
2024-03-02,Danish,63,73,4.2,20,Sunny,Saturday
2024-03-03,Danish,41,46,4.2,0,Cloudy,Sunday
2024-03-04,Danish,25,29,4.2,0,Sunny,Monday
2024-03-05,Danish,24,29,4.2,0,Sunny,Tuesday
2024-03-06,Danish,23,27,4.2,0,Sunny,Wednesday
2024-03-07,Danish,27,30,4.2,0,Sunny,Thursday
2024-03-08,Danish,35,41,4.2,0,Cloudy,Friday
2024-03-09,Danish,36,39,4.2,0,Sunny,Saturday
2024-03-10,Danish,26,29,4.2,0,Rainy,Sunday
2024-03-11,Danish,17,19,4.2,0,Cloudy,Monday
2024-03-12,Danish,37,40,4.2,30,Sunny,Tuesday
2024-03-13,Danish,28,30,4.2,0,Sunny,Wednesday
2024-03-14,Danish,22,26,4.2,0,Cloudy,Thursday
2024-03-15,Danish,29,36,4.2,0,Cloudy,Friday
2024-03-16,Danish,42,47,4.2,0,Cloudy,Saturday
2024-03-17,Danish,44,50,4.2,0,Cloudy,Sunday
2024-03-18,Danish,28,30,4.2,0,Sunny,Monday
2024-03-19,Danish,30,35,4.2,0,Sunny,Tuesday
2024-03-20,Danish,29,31,4.2,0,Sunny,Wednesday
2024-03-21,Danish,18,20,4.2,0,Rainy,Thursday
2024-03-22,Danish,24,28,4.2,0,Cloudy,Friday
2024-03-23,Danish,37,43,4.2,0,Sunny,Saturday
2024-03-24,Danish,32,39,4.2,0,Sunny,Sunday
2024-03-25,Danish,20,22,4.2,0,Sunny,Monday
2024-03-26,Danish,29,35,4.2,0,Sunny,Tuesday
2024-03-27,Danish,24,26,4.2,0,Cloudy,Wednesday
2024-03-28,Danish,27,30,4.2,0,Cloudy,Thursday
2024-03-29,Danish,25,29,4.2,0,Rainy,Friday
2024-03-30,Danish,44,48,4.2,0,Sunny,Saturday
2024-03-31,Danish,75,87,4.2,0,Sunny,Sunday
2024-04-01,Danish,23,26,4.2,0,Cloudy,Monday
2024-04-02,Danish,24,27,4.2,0,Cloudy,Tuesday
2024-04-03,Danish,29,33,4.2,15,Cloudy,Wednesday
2024-04-04,Danish,26,31,4.2,0,Cloudy,Thursday
2024-04-05,Danish,31,35,4.2,0,Sunny,Friday
2024-04-06,Danish,36,40,4.2,0,Sunny,Saturday
2024-04-07,Danish,45,50,4.2,0,Sunny,Sunday
2024-04-08,Danish,33,39,4.2,0,Sunny,Monday
2024-04-09,Danish,32,37,4.2,0,Sunny,Tuesday
2024-04-10,Danish,38,45,4.2,0,Sunny,Wednesday
2024-04-11,Danish,23,27,4.2,0,Cloudy,Thursday
2024-04-12,Danish,31,34,4.2,0,Sunny,Friday
2024-04-13,Danish,41,49,4.2,0,Sunny,Saturday
2024-04-14,Danish,28,33,4.2,0,Rainy,Sunday
2024-04-15,Danish,28,32,4.2,0,Sunny,Monday
2024-04-16,Danish,31,37,4.2,0,Sunny,Tuesday
2024-04-17,Danish,23,25,4.2,0,Cloudy,Wednesday
2024-04-18,Danish,30,35,4.2,0,Sunny,Thursday
2024-04-19,Danish,40,47,4.2,0,Sunny,Friday
2024-04-20,Danish,50,56,4.2,0,Sunny,Saturday
2024-04-21,Danish,71,80,4.2,25,Sunny,Sunday
2024-04-22,Danish,22,25,4.2,0,Rainy,Monday
2024-04-23,Danish,45,53,4.2,25,Cloudy,Tuesday
2024-04-24,Danish,35,41,4.2,0,Cloudy,Wednesday
2024-04-25,Danish,25,28,4.2,0,Rainy,Thursday
2024-04-26,Danish,33,39,4.2,0,Cloudy,Friday
2024-04-27,Danish,55,66,4.2,10,Sunny,Saturday
2024-04-28,Danish,47,54,4.2,25,Rainy,Sunday
2024-04-29,Danish,29,33,4.2,0,Sunny,Monday
2024-04-30,Danish,27,33,4.2,0,Cloudy,Tuesday
2024-05-01,Danish,42,48,4.2,25,Rainy,Wednesday
2024-05-02,Danish,32,35,4.2,0,Sunny,Thursday
2024-05-03,Danish,52,60,4.2,30,Sunny,Friday
2024-05-04,Danish,48,59,4.2,0,Sunny,Saturday
2024-05-05,Danish,47,56,4.2,0,Sunny,Sunday
2024-05-06,Danish,26,31,4.2,0,Cloudy,Monday
2024-05-07,Danish,22,24,4.2,15,Rainy,Tuesday
2024-05-08,Danish,40,44,4.2,25,Sunny,Wednesday
2024-05-09,Danish,32,38,4.2,0,Sunny,Thursday
2024-05-10,Danish,57,66,4.2,25,Sunny,Friday
2024-05-11,Danish,54,58,4.2,0,Sunny,Saturday
2024-05-12,Danish,68,82,4.2,0,Sunny,Sunday
2024-05-13,Danish,26,30,4.2,0,Sunny,Monday
2024-05-14,Danish,24,27,4.2,0,Rainy,Tuesday
2024-05-15,Danish,36,43,4.2,0,Sunny,Wednesday
2024-05-16,Danish,30,34,4.2,0,Sunny,Thursday
2024-05-17,Danish,24,29,4.2,0,Cloudy,Friday
2024-05-18,Danish,43,52,4.2,0,Sunny,Saturday
2024-05-19,Danish,32,35,4.2,0,Rainy,Sunday
2024-05-20,Danish,18,21,4.2,0,Rainy,Monday
2024-05-21,Danish,32,39,4.2,0,Sunny,Tuesday
2024-05-22,Danish,35,38,4.2,0,Sunny,Wednesday
2024-05-23,Danish,37,45,4.2,0,Sunny,Thursday
2024-05-24,Danish,41,49,4.2,0,Sunny,Friday
2024-05-25,Danish,46,53,4.2,0,Sunny,Saturday
2024-05-26,Danish,41,48,4.2,0,Cloudy,Sunday
2024-05-27,Danish,33,37,4.2,0,Sunny,Monday
2024-05-28,Danish,38,44,4.2,0,Sunny,Tuesday
2024-05-29,Danish,35,39,4.2,0,Sunny,Wednesday
2024-05-30,Danish,23,27,4.2,0,Rainy,Thursday
2024-05-31,Danish,34,39,4.2,0,Sunny,Friday
2024-06-01,Danish,41,46,4.2,0,Sunny,Saturday
2024-06-02,Danish,47,55,4.2,0,Sunny,Sunday
2024-06-03,Danish,25,28,4.2,15,Rainy,Monday
2024-06-04,Danish,34,40,4.2,0,Sunny,Tuesday
2024-06-05,Danish,31,35,4.2,0,Cloudy,Wednesday
2024-06-06,Danish,31,34,4.2,0,Cloudy,Thursday
2024-06-07,Danish,43,48,4.2,0,Sunny,Friday
2024-06-08,Danish,68,74,4.2,30,Cloudy,Saturday
2024-06-09,Danish,49,56,4.2,0,Sunny,Sunday
2024-06-10,Danish,20,23,4.2,0,Cloudy,Monday
2024-06-11,Danish,26,31,4.2,0,Cloudy,Tuesday
2024-06-12,Danish,39,45,4.2,15,Sunny,Wednesday
2024-06-13,Danish,29,34,4.2,0,Sunny,Thursday
2024-06-14,Danish,32,39,4.2,0,Cloudy,Friday
2024-06-15,Danish,51,57,4.2,0,Sunny,Saturday
2024-06-16,Danish,65,74,4.2,10,Sunny,Sunday
2024-06-17,Danish,46,52,4.2,25,Sunny,Monday
2024-06-18,Danish,33,39,4.2,0,Cloudy,Tuesday
2024-06-19,Danish,32,39,4.2,0,Cloudy,Wednesday
2024-06-20,Danish,31,37,4.2,0,Sunny,Thursday
2024-06-21,Danish,37,45,4.2,0,Sunny,Friday
2024-06-22,Danish,44,51,4.2,0,Sunny,Saturday
2024-06-23,Danish,46,55,4.2,0,Cloudy,Sunday
2024-06-24,Danish,35,38,4.2,0,Sunny,Monday
2024-06-25,Danish,29,33,4.2,0,Cloudy,Tuesday
2024-06-26,Danish,28,32,4.2,0,Sunny,Wednesday
2024-06-27,Danish,23,25,4.2,0,Rainy,Thursday
2024-06-28,Danish,45,55,4.2,0,Sunny,Friday
2024-01-01,Muffin,22,26,3.0,0,Sunny,Monday
2024-01-02,Muffin,16,18,3.0,0,Rainy,Tuesday
2024-01-03,Muffin,22,26,3.0,25,Cloudy,Wednesday
2024-01-04,Muffin,15,17,3.0,0,Cloudy,Thursday
2024-01-05,Muffin,21,23,3.0,0,Sunny,Friday
2024-01-06,Muffin,36,39,3.0,0,Sunny,Saturday
2024-01-07,Muffin,28,32,3.0,0,Sunny,Sunday
2024-01-08,Muffin,11,12,3.0,0,Rainy,Monday
2024-01-09,Muffin,19,21,3.0,0,Cloudy,Tuesday
2024-01-10,Muffin,22,25,3.0,0,Cloudy,Wednesday
2024-01-11,Muffin,23,27,3.0,0,Sunny,Thursday
2024-01-12,Muffin,23,26,3.0,0,Rainy,Friday
2024-01-13,Muffin,31,35,3.0,0,Cloudy,Saturday
2024-01-14,Muffin,30,36,3.0,0,Sunny,Sunday
2024-01-15,Muffin,14,16,3.0,0,Sunny,Monday
2024-01-16,Muffin,19,23,3.0,0,Sunny,Tuesday
2024-01-17,Muffin,22,26,3.0,0,Sunny,Wednesday
2024-01-18,Muffin,17,19,3.0,0,Sunny,Thursday
2024-01-19,Muffin,20,22,3.0,0,Sunny,Friday
2024-01-20,Muffin,38,42,3.0,0,Sunny,Saturday
2024-01-21,Muffin,46,50,3.0,20,Cloudy,Sunday
2024-01-22,Muffin,23,27,3.0,0,Sunny,Monday
2024-01-23,Muffin,21,23,3.0,0,Sunny,Tuesday
2024-01-24,Muffin,18,21,3.0,0,Sunny,Wednesday
2024-01-25,Muffin,20,24,3.0,0,Sunny,Thursday
2024-01-26,Muffin,21,23,3.0,0,Cloudy,Friday
2024-01-27,Muffin,37,43,3.0,0,Sunny,Saturday
2024-01-28,Muffin,36,40,3.0,0,Sunny,Sunday
2024-01-29,Muffin,15,18,3.0,0,Cloudy,Monday
2024-01-30,Muffin,22,25,3.0,0,Sunny,Tuesday
2024-01-31,Muffin,22,25,3.0,0,Cloudy,Wednesday
2024-02-01,Muffin,20,24,3.0,0,Sunny,Thursday
2024-02-02,Muffin,23,25,3.0,0,Sunny,Friday
2024-02-03,Muffin,33,39,3.0,0,Rainy,Saturday
2024-02-04,Muffin,31,34,3.0,0,Rainy,Sunday
2024-02-05,Muffin,15,17,3.0,0,Cloudy,Monday
2024-02-06,Muffin,24,27,3.0,0,Sunny,Tuesday
2024-02-07,Muffin,21,25,3.0,0,Sunny,Wednesday
2024-02-08,Muffin,17,21,3.0,0,Cloudy,Thursday
2024-02-09,Muffin,25,29,3.0,0,Sunny,Friday
2024-02-10,Muffin,52,58,3.0,0,Sunny,Saturday
2024-02-11,Muffin,44,48,3.0,10,Sunny,Sunday
2024-02-12,Muffin,24,29,3.0,25,Sunny,Monday
2024-02-13,Muffin,18,20,3.0,0,Rainy,Tuesday
2024-02-14,Muffin,33,39,3.0,0,Sunny,Wednesday
2024-02-15,Muffin,15,17,3.0,0,Cloudy,Thursday
2024-02-16,Muffin,21,23,3.0,0,Sunny,Friday
2024-02-17,Muffin,38,46,3.0,0,Sunny,Saturday
2024-02-18,Muffin,58,69,3.0,30,Sunny,Sunday
2024-02-19,Muffin,20,23,3.0,0,Sunny,Monday
2024-02-20,Muffin,21,25,3.0,0,Rainy,Tuesday
2024-02-21,Muffin,22,24,3.0,0,Cloudy,Wednesday
2024-02-22,Muffin,24,28,3.0,30,Rainy,Thursday
2024-02-23,Muffin,25,29,3.0,10,Rainy,Friday
2024-02-24,Muffin,37,41,3.0,0,Cloudy,Saturday
2024-02-25,Muffin,31,34,3.0,0,Rainy,Sunday
2024-02-26,Muffin,20,24,3.0,0,Sunny,Monday
2024-02-27,Muffin,21,26,3.0,0,Sunny,Tuesday
2024-02-28,Muffin,27,29,3.0,15,Sunny,Wednesday
2024-02-29,Muffin,23,26,3.0,0,Sunny,Thursday
2024-03-01,Muffin,23,26,3.0,0,Sunny,Friday
2024-03-02,Muffin,30,36,3.0,0,Sunny,Saturday
2024-03-03,Muffin,30,32,3.0,0,Cloudy,Sunday
2024-03-04,Muffin,17,19,3.0,0,Sunny,Monday
2024-03-05,Muffin,23,28,3.0,0,Sunny,Tuesday
2024-03-06,Muffin,23,27,3.0,0,Sunny,Wednesday
2024-03-07,Muffin,27,31,3.0,0,Sunny,Thursday
2024-03-08,Muffin,33,37,3.0,0,Cloudy,Friday
2024-03-09,Muffin,35,40,3.0,10,Sunny,Saturday
2024-03-10,Muffin,26,29,3.0,0,Rainy,Sunday
2024-03-11,Muffin,17,19,3.0,0,Cloudy,Monday
2024-03-12,Muffin,24,26,3.0,0,Sunny,Tuesday
2024-03-13,Muffin,31,35,3.0,30,Sunny,Wednesday
2024-03-14,Muffin,20,24,3.0,0,Cloudy,Thursday
2024-03-15,Muffin,20,23,3.0,0,Cloudy,Friday
2024-03-16,Muffin,34,40,3.0,0,Cloudy,Saturday
2024-03-17,Muffin,31,35,3.0,0,Cloudy,Sunday
2024-03-18,Muffin,16,17,3.0,0,Sunny,Monday
2024-03-19,Muffin,24,29,3.0,0,Sunny,Tuesday
2024-03-20,Muffin,23,25,3.0,0,Sunny,Wednesday
2024-03-21,Muffin,17,19,3.0,0,Rainy,Thursday
2024-03-22,Muffin,20,22,3.0,0,Cloudy,Friday
2024-03-23,Muffin,36,43,3.0,0,Sunny,Saturday
2024-03-24,Muffin,35,40,3.0,0,Sunny,Sunday
2024-03-25,Muffin,21,24,3.0,0,Sunny,Monday
2024-03-26,Muffin,23,26,3.0,0,Sunny,Tuesday
2024-03-27,Muffin,21,23,3.0,0,Cloudy,Wednesday
2024-03-28,Muffin,21,26,3.0,0,Cloudy,Thursday
2024-03-29,Muffin,17,18,3.0,0,Rainy,Friday
2024-03-30,Muffin,29,31,3.0,0,Sunny,Saturday
2024-03-31,Muffin,57,68,3.0,0,Sunny,Sunday
2024-04-01,Muffin,16,19,3.0,0,Cloudy,Monday
2024-04-02,Muffin,20,25,3.0,0,Cloudy,Tuesday
2024-04-03,Muffin,19,21,3.0,0,Cloudy,Wednesday
2024-04-04,Muffin,20,22,3.0,0,Cloudy,Thursday
2024-04-05,Muffin,28,31,3.0,0,Sunny,Friday
2024-04-06,Muffin,42,45,3.0,0,Sunny,Saturday
2024-04-07,Muffin,41,46,3.0,0,Sunny,Sunday
2024-04-08,Muffin,21,23,3.0,0,Sunny,Monday
2024-04-09,Muffin,25,29,3.0,0,Sunny,Tuesday
2024-04-10,Muffin,27,32,3.0,0,Sunny,Wednesday
2024-04-11,Muffin,15,18,3.0,0,Cloudy,Thursday
2024-04-12,Muffin,25,29,3.0,0,Sunny,Friday
2024-04-13,Muffin,47,55,3.0,10,Sunny,Saturday
2024-04-14,Muffin,33,39,3.0,0,Rainy,Sunday
2024-04-15,Muffin,23,24,3.0,15,Sunny,Monday
2024-04-16,Muffin,22,26,3.0,0,Sunny,Tuesday
2024-04-17,Muffin,24,28,3.0,30,Cloudy,Wednesday
2024-04-18,Muffin,21,23,3.0,0,Sunny,Thursday
2024-04-19,Muffin,27,32,3.0,0,Sunny,Friday
2024-04-20,Muffin,38,45,3.0,0,Sunny,Saturday
2024-04-21,Muffin,35,39,3.0,0,Sunny,Sunday
2024-04-22,Muffin,18,21,3.0,0,Rainy,Monday
2024-04-23,Muffin,24,28,3.0,20,Cloudy,Tuesday
2024-04-24,Muffin,21,24,3.0,0,Cloudy,Wednesday
2024-04-25,Muffin,23,25,3.0,0,Rainy,Thursday
2024-04-26,Muffin,22,24,3.0,0,Cloudy,Friday
2024-04-27,Muffin,35,41,3.0,0,Sunny,Saturday
2024-04-28,Muffin,31,35,3.0,0,Rainy,Sunday
2024-04-29,Muffin,17,20,3.0,0,Sunny,Monday
2024-04-30,Muffin,23,26,3.0,0,Cloudy,Tuesday
2024-05-01,Muffin,26,28,3.0,0,Rainy,Wednesday
2024-05-02,Muffin,22,23,3.0,0,Sunny,Thursday
2024-05-03,Muffin,35,38,3.0,20,Sunny,Friday
2024-05-04,Muffin,50,55,3.0,20,Sunny,Saturday
2024-05-05,Muffin,34,38,3.0,0,Sunny,Sunday
2024-05-06,Muffin,11,13,3.0,0,Cloudy,Monday
2024-05-07,Muffin,15,16,3.0,0,Rainy,Tuesday
2024-05-08,Muffin,21,25,3.0,0,Sunny,Wednesday
2024-05-09,Muffin,24,26,3.0,0,Sunny,Thursday
2024-05-10,Muffin,29,35,3.0,0,Sunny,Friday
2024-05-11,Muffin,38,44,3.0,0,Sunny,Saturday
2024-05-12,Muffin,60,70,3.0,0,Sunny,Sunday
2024-05-13,Muffin,20,24,3.0,0,Sunny,Monday
2024-05-14,Muffin,20,22,3.0,0,Rainy,Tuesday
2024-05-15,Muffin,22,26,3.0,0,Sunny,Wednesday
2024-05-16,Muffin,25,28,3.0,0,Sunny,Thursday
2024-05-17,Muffin,24,26,3.0,0,Cloudy,Friday
2024-05-18,Muffin,40,44,3.0,0,Sunny,Saturday
2024-05-19,Muffin,36,42,3.0,0,Rainy,Sunday
2024-05-20,Muffin,16,19,3.0,0,Rainy,Monday
2024-05-21,Muffin,22,24,3.0,0,Sunny,Tuesday
2024-05-22,Muffin,22,26,3.0,0,Sunny,Wednesday
2024-05-23,Muffin,22,26,3.0,0,Sunny,Thursday
2024-05-24,Muffin,37,42,3.0,25,Sunny,Friday
2024-05-25,Muffin,44,49,3.0,0,Sunny,Saturday
2024-05-26,Muffin,39,45,3.0,0,Cloudy,Sunday
2024-05-27,Muffin,15,18,3.0,0,Sunny,Monday
2024-05-28,Muffin,23,27,3.0,0,Sunny,Tuesday
2024-05-29,Muffin,24,29,3.0,0,Sunny,Wednesday
2024-05-30,Muffin,22,26,3.0,0,Rainy,Thursday
2024-05-31,Muffin,35,40,3.0,20,Sunny,Friday
2024-06-01,Muffin,41,45,3.0,0,Sunny,Saturday
2024-06-02,Muffin,42,49,3.0,0,Sunny,Sunday
2024-06-03,Muffin,16,18,3.0,0,Rainy,Monday
2024-06-04,Muffin,23,28,3.0,0,Sunny,Tuesday
2024-06-05,Muffin,24,27,3.0,0,Cloudy,Wednesday
2024-06-06,Muffin,27,30,3.0,10,Cloudy,Thursday
2024-06-07,Muffin,28,33,3.0,0,Sunny,Friday
2024-06-08,Muffin,42,50,3.0,10,Cloudy,Saturday
2024-06-09,Muffin,42,49,3.0,0,Sunny,Sunday
2024-06-10,Muffin,16,18,3.0,0,Cloudy,Monday
2024-06-11,Muffin,21,23,3.0,20,Cloudy,Tuesday
2024-06-12,Muffin,21,25,3.0,0,Sunny,Wednesday
2024-06-13,Muffin,20,22,3.0,0,Sunny,Thursday
2024-06-14,Muffin,21,24,3.0,0,Cloudy,Friday
2024-06-15,Muffin,42,47,3.0,0,Sunny,Saturday
2024-06-16,Muffin,41,46,3.0,0,Sunny,Sunday
2024-06-17,Muffin,20,22,3.0,0,Sunny,Monday
2024-06-18,Muffin,22,24,3.0,0,Cloudy,Tuesday
2024-06-19,Muffin,15,18,3.0,0,Cloudy,Wednesday
2024-06-20,Muffin,20,22,3.0,0,Sunny,Thursday
2024-06-21,Muffin,30,35,3.0,0,Sunny,Friday
2024-06-22,Muffin,37,43,3.0,0,Sunny,Saturday
2024-06-23,Muffin,35,40,3.0,0,Cloudy,Sunday
2024-06-24,Muffin,20,22,3.0,0,Sunny,Monday
2024-06-25,Muffin,23,26,3.0,15,Cloudy,Tuesday
2024-06-26,Muffin,28,32,3.0,10,Sunny,Wednesday
2024-06-27,Muffin,23,25,3.0,10,Rainy,Thursday
2024-06-28,Muffin,29,32,3.0,0,Sunny,Friday
2024-01-01,Scone,21,25,3.2,0,Sunny,Monday
2024-01-02,Scone,14,17,3.2,0,Rainy,Tuesday
2024-01-03,Scone,14,16,3.2,0,Cloudy,Wednesday
2024-01-04,Scone,18,21,3.2,0,Cloudy,Thursday
2024-01-05,Scone,31,38,3.2,30,Sunny,Friday
2024-01-06,Scone,27,32,3.2,0,Sunny,Saturday
2024-01-07,Scone,23,27,3.2,0,Sunny,Sunday
2024-01-08,Scone,10,11,3.2,0,Rainy,Monday
2024-01-09,Scone,15,17,3.2,0,Cloudy,Tuesday
2024-01-10,Scone,16,18,3.2,0,Cloudy,Wednesday
2024-01-11,Scone,16,19,3.2,0,Sunny,Thursday
2024-01-12,Scone,15,18,3.2,0,Rainy,Friday
2024-01-13,Scone,23,26,3.2,0,Cloudy,Saturday
2024-01-14,Scone,21,23,3.2,0,Sunny,Sunday
2024-01-15,Scone,10,11,3.2,0,Sunny,Monday
2024-01-16,Scone,16,19,3.2,0,Sunny,Tuesday
2024-01-17,Scone,15,17,3.2,0,Sunny,Wednesday
2024-01-18,Scone,17,21,3.2,0,Sunny,Thursday
2024-01-19,Scone,19,21,3.2,0,Sunny,Friday
2024-01-20,Scone,22,24,3.2,0,Sunny,Saturday
2024-01-21,Scone,21,24,3.2,0,Cloudy,Sunday
2024-01-22,Scone,12,14,3.2,0,Sunny,Monday
2024-01-23,Scone,15,19,3.2,0,Sunny,Tuesday
2024-01-24,Scone,16,19,3.2,0,Sunny,Wednesday
2024-01-25,Scone,17,20,3.2,0,Sunny,Thursday
2024-01-26,Scone,20,22,3.2,0,Cloudy,Friday
2024-01-27,Scone,26,29,3.2,20,Sunny,Saturday
2024-01-28,Scone,17,20,3.2,0,Sunny,Sunday
2024-01-29,Scone,11,12,3.2,0,Cloudy,Monday
2024-01-30,Scone,17,20,3.2,0,Sunny,Tuesday
2024-01-31,Scone,18,21,3.2,0,Cloudy,Wednesday
2024-02-01,Scone,18,21,3.2,0,Sunny,Thursday
2024-02-02,Scone,17,19,3.2,0,Sunny,Friday
2024-02-03,Scone,17,21,3.2,0,Rainy,Saturday
2024-02-04,Scone,18,19,3.2,0,Rainy,Sunday
2024-02-05,Scone,16,18,3.2,0,Cloudy,Monday
2024-02-06,Scone,19,22,3.2,0,Sunny,Tuesday
2024-02-07,Scone,14,16,3.2,0,Sunny,Wednesday
2024-02-08,Scone,15,18,3.2,0,Cloudy,Thursday
2024-02-09,Scone,18,21,3.2,0,Sunny,Friday
2024-02-10,Scone,37,41,3.2,0,Sunny,Saturday
2024-02-11,Scone,25,30,3.2,0,Sunny,Sunday
2024-02-12,Scone,16,18,3.2,0,Sunny,Monday
2024-02-13,Scone,17,20,3.2,15,Rainy,Tuesday
2024-02-14,Scone,22,24,3.2,0,Sunny,Wednesday
2024-02-15,Scone,13,15,3.2,0,Cloudy,Thursday
2024-02-16,Scone,20,24,3.2,0,Sunny,Friday
2024-02-17,Scone,24,29,3.2,0,Sunny,Saturday
2024-02-18,Scone,20,23,3.2,0,Sunny,Sunday
2024-02-19,Scone,13,15,3.2,0,Sunny,Monday
2024-02-20,Scone,15,16,3.2,0,Rainy,Tuesday
2024-02-21,Scone,17,20,3.2,0,Cloudy,Wednesday
2024-02-22,Scone,14,16,3.2,0,Rainy,Thursday
2024-02-23,Scone,16,19,3.2,0,Rainy,Friday
2024-02-24,Scone,19,22,3.2,0,Cloudy,Saturday
2024-02-25,Scone,18,20,3.2,0,Rainy,Sunday
2024-02-26,Scone,15,17,3.2,0,Sunny,Monday
2024-02-27,Scone,19,21,3.2,0,Sunny,Tuesday
2024-02-28,Scone,18,21,3.2,0,Sunny,Wednesday
2024-02-29,Scone,18,20,3.2,0,Sunny,Thursday
2024-03-01,Scone,23,28,3.2,0,Sunny,Friday
2024-03-02,Scone,25,30,3.2,0,Sunny,Saturday
2024-03-03,Scone,23,27,3.2,0,Cloudy,Sunday
2024-03-04,Scone,16,19,3.2,0,Sunny,Monday
2024-03-05,Scone,23,28,3.2,15,Sunny,Tuesday
2024-03-06,Scone,25,28,3.2,30,Sunny,Wednesday
2024-03-07,Scone,22,25,3.2,0,Sunny,Thursday
2024-03-08,Scone,24,26,3.2,0,Cloudy,Friday
2024-03-09,Scone,29,33,3.2,20,Sunny,Saturday
2024-03-10,Scone,22,25,3.2,0,Rainy,Sunday
2024-03-11,Scone,17,19,3.2,0,Cloudy,Monday
2024-03-12,Scone,16,20,3.2,0,Sunny,Tuesday
2024-03-13,Scone,21,23,3.2,15,Sunny,Wednesday
2024-03-14,Scone,18,20,3.2,0,Cloudy,Thursday
2024-03-15,Scone,19,22,3.2,0,Cloudy,Friday
2024-03-16,Scone,19,22,3.2,0,Cloudy,Saturday
2024-03-17,Scone,21,24,3.2,0,Cloudy,Sunday
2024-03-18,Scone,15,18,3.2,0,Sunny,Monday
2024-03-19,Scone,19,23,3.2,0,Sunny,Tuesday
2024-03-20,Scone,19,21,3.2,0,Sunny,Wednesday
2024-03-21,Scone,17,18,3.2,0,Rainy,Thursday
2024-03-22,Scone,17,19,3.2,0,Cloudy,Friday
2024-03-23,Scone,22,24,3.2,0,Sunny,Saturday
2024-03-24,Scone,27,29,3.2,0,Sunny,Sunday
2024-03-25,Scone,15,18,3.2,0,Sunny,Monday
2024-03-26,Scone,19,22,3.2,0,Sunny,Tuesday
2024-03-27,Scone,23,25,3.2,25,Cloudy,Wednesday
2024-03-28,Scone,16,17,3.2,0,Cloudy,Thursday
2024-03-29,Scone,16,20,3.2,0,Rainy,Friday
2024-03-30,Scone,24,27,3.2,0,Sunny,Saturday
2024-03-31,Scone,45,53,3.2,0,Sunny,Sunday
2024-04-01,Scone,14,16,3.2,0,Cloudy,Monday
2024-04-02,Scone,18,21,3.2,0,Cloudy,Tuesday
2024-04-03,Scone,16,18,3.2,0,Cloudy,Wednesday
2024-04-04,Scone,15,17,3.2,0,Cloudy,Thursday
2024-04-05,Scone,23,25,3.2,0,Sunny,Friday
2024-04-06,Scone,24,29,3.2,0,Sunny,Saturday
2024-04-07,Scone,25,30,3.2,0,Sunny,Sunday
2024-04-08,Scone,19,22,3.2,10,Sunny,Monday
2024-04-09,Scone,26,28,3.2,30,Sunny,Tuesday
2024-04-10,Scone,19,23,3.2,0,Sunny,Wednesday
2024-04-11,Scone,14,16,3.2,0,Cloudy,Thursday
2024-04-12,Scone,22,26,3.2,0,Sunny,Friday
2024-04-13,Scone,26,31,3.2,0,Sunny,Saturday
2024-04-14,Scone,20,23,3.2,0,Rainy,Sunday
2024-04-15,Scone,15,19,3.2,0,Sunny,Monday
2024-04-16,Scone,20,24,3.2,0,Sunny,Tuesday
2024-04-17,Scone,20,23,3.2,0,Cloudy,Wednesday
2024-04-18,Scone,20,24,3.2,0,Sunny,Thursday
2024-04-19,Scone,20,22,3.2,0,Sunny,Friday
2024-04-20,Scone,24,27,3.2,0,Sunny,Saturday
2024-04-21,Scone,26,31,3.2,0,Sunny,Sunday
2024-04-22,Scone,16,20,3.2,0,Rainy,Monday
2024-04-23,Scone,19,22,3.2,0,Cloudy,Tuesday
2024-04-24,Scone,16,19,3.2,0,Cloudy,Wednesday
2024-04-25,Scone,14,16,3.2,0,Rainy,Thursday
2024-04-26,Scone,20,24,3.2,0,Cloudy,Friday
2024-04-27,Scone,28,33,3.2,0,Sunny,Saturday
2024-04-28,Scone,23,26,3.2,0,Rainy,Sunday
2024-04-29,Scone,15,17,3.2,0,Sunny,Monday
2024-04-30,Scone,19,21,3.2,0,Cloudy,Tuesday
2024-05-01,Scone,25,29,3.2,20,Rainy,Wednesday
2024-05-02,Scone,17,19,3.2,10,Sunny,Thursday
2024-05-03,Scone,22,27,3.2,0,Sunny,Friday
2024-05-04,Scone,30,33,3.2,0,Sunny,Saturday
2024-05-05,Scone,32,37,3.2,0,Sunny,Sunday
2024-05-06,Scone,25,30,3.2,30,Cloudy,Monday
2024-05-07,Scone,23,28,3.2,30,Rainy,Tuesday
2024-05-08,Scone,22,26,3.2,15,Sunny,Wednesday
2024-05-09,Scone,16,19,3.2,0,Sunny,Thursday
2024-05-10,Scone,17,19,3.2,0,Sunny,Friday
2024-05-11,Scone,23,25,3.2,0,Sunny,Saturday
2024-05-12,Scone,39,45,3.2,0,Sunny,Sunday
2024-05-13,Scone,23,28,3.2,30,Sunny,Monday
2024-05-14,Scone,19,22,3.2,10,Rainy,Tuesday
2024-05-15,Scone,17,19,3.2,0,Sunny,Wednesday
2024-05-16,Scone,26,29,3.2,20,Sunny,Thursday
2024-05-17,Scone,17,20,3.2,0,Cloudy,Friday
2024-05-18,Scone,29,32,3.2,0,Sunny,Saturday
2024-05-19,Scone,23,25,3.2,0,Rainy,Sunday
2024-05-20,Scone,10,11,3.2,0,Rainy,Monday
2024-05-21,Scone,20,23,3.2,0,Sunny,Tuesday
2024-05-22,Scone,22,24,3.2,0,Sunny,Wednesday
2024-05-23,Scone,20,23,3.2,0,Sunny,Thursday
2024-05-24,Scone,23,27,3.2,0,Sunny,Friday
2024-05-25,Scone,24,27,3.2,0,Sunny,Saturday
2024-05-26,Scone,24,27,3.2,0,Cloudy,Sunday
2024-05-27,Scone,17,21,3.2,0,Sunny,Monday
2024-05-28,Scone,23,27,3.2,0,Sunny,Tuesday
2024-05-29,Scone,22,26,3.2,0,Sunny,Wednesday
2024-05-30,Scone,17,18,3.2,0,Rainy,Thursday
2024-05-31,Scone,26,28,3.2,15,Sunny,Friday
2024-06-01,Scone,28,33,3.2,0,Sunny,Saturday
2024-06-02,Scone,39,46,3.2,15,Sunny,Sunday
2024-06-03,Scone,14,16,3.2,0,Rainy,Monday
2024-06-04,Scone,17,20,3.2,0,Sunny,Tuesday
2024-06-05,Scone,17,19,3.2,0,Cloudy,Wednesday
2024-06-06,Scone,20,23,3.2,0,Cloudy,Thursday
2024-06-07,Scone,26,30,3.2,0,Sunny,Friday
2024-06-08,Scone,26,30,3.2,0,Cloudy,Saturday
2024-06-09,Scone,27,31,3.2,0,Sunny,Sunday
2024-06-10,Scone,15,18,3.2,0,Cloudy,Monday
2024-06-11,Scone,18,21,3.2,0,Cloudy,Tuesday
2024-06-12,Scone,17,18,3.2,0,Sunny,Wednesday
2024-06-13,Scone,19,21,3.2,0,Sunny,Thursday
2024-06-14,Scone,20,24,3.2,0,Cloudy,Friday
2024-06-15,Scone,41,49,3.2,30,Sunny,Saturday
2024-06-16,Scone,30,33,3.2,0,Sunny,Sunday
2024-06-17,Scone,15,17,3.2,0,Sunny,Monday
2024-06-18,Scone,16,18,3.2,0,Cloudy,Tuesday
2024-06-19,Scone,18,21,3.2,0,Cloudy,Wednesday
2024-06-20,Scone,21,25,3.2,0,Sunny,Thursday
2024-06-21,Scone,23,28,3.2,0,Sunny,Friday
2024-06-22,Scone,21,23,3.2,0,Sunny,Saturday
2024-06-23,Scone,23,25,3.2,0,Cloudy,Sunday
2024-06-24,Scone,22,26,3.2,0,Sunny,Monday
2024-06-25,Scone,22,26,3.2,0,Cloudy,Tuesday
2024-06-26,Scone,21,23,3.2,0,Sunny,Wednesday
2024-06-27,Scone,18,20,3.2,0,Rainy,Thursday
2024-06-28,Scone,24,28,3.2,10,Sunny,Friday
2024-01-01,Pain_au_Chocolat,43,48,4.5,0,Sunny,Monday
2024-01-02,Pain_au_Chocolat,28,31,4.5,0,Rainy,Tuesday
2024-01-03,Pain_au_Chocolat,30,33,4.5,0,Cloudy,Wednesday
2024-01-04,Pain_au_Chocolat,30,35,4.5,0,Cloudy,Thursday
2024-01-05,Pain_au_Chocolat,39,42,4.5,15,Sunny,Friday
2024-01-06,Pain_au_Chocolat,50,55,4.5,0,Sunny,Saturday
2024-01-07,Pain_au_Chocolat,53,61,4.5,0,Sunny,Sunday
2024-01-08,Pain_au_Chocolat,22,25,4.5,0,Rainy,Monday
2024-01-09,Pain_au_Chocolat,32,35,4.5,0,Cloudy,Tuesday
2024-01-10,Pain_au_Chocolat,34,38,4.5,0,Cloudy,Wednesday
2024-01-11,Pain_au_Chocolat,36,39,4.5,0,Sunny,Thursday
2024-01-12,Pain_au_Chocolat,35,39,4.5,0,Rainy,Friday
2024-01-13,Pain_au_Chocolat,52,57,4.5,0,Cloudy,Saturday
2024-01-14,Pain_au_Chocolat,48,58,4.5,0,Sunny,Sunday
2024-01-15,Pain_au_Chocolat,18,20,4.5,0,Sunny,Monday
2024-01-16,Pain_au_Chocolat,29,32,4.5,0,Sunny,Tuesday
2024-01-17,Pain_au_Chocolat,39,46,4.5,0,Sunny,Wednesday
2024-01-18,Pain_au_Chocolat,40,43,4.5,0,Sunny,Thursday
2024-01-19,Pain_au_Chocolat,44,53,4.5,0,Sunny,Friday
2024-01-20,Pain_au_Chocolat,56,64,4.5,0,Sunny,Saturday
2024-01-21,Pain_au_Chocolat,46,51,4.5,0,Cloudy,Sunday
2024-01-22,Pain_au_Chocolat,31,37,4.5,0,Sunny,Monday
2024-01-23,Pain_au_Chocolat,34,41,4.5,0,Sunny,Tuesday
2024-01-24,Pain_au_Chocolat,30,33,4.5,0,Sunny,Wednesday
2024-01-25,Pain_au_Chocolat,46,55,4.5,25,Sunny,Thursday
2024-01-26,Pain_au_Chocolat,33,40,4.5,0,Cloudy,Friday
2024-01-27,Pain_au_Chocolat,52,58,4.5,0,Sunny,Saturday
2024-01-28,Pain_au_Chocolat,54,58,4.5,0,Sunny,Sunday
2024-01-29,Pain_au_Chocolat,25,30,4.5,0,Cloudy,Monday
2024-01-30,Pain_au_Chocolat,32,37,4.5,0,Sunny,Tuesday
2024-01-31,Pain_au_Chocolat,29,35,4.5,0,Cloudy,Wednesday
2024-02-01,Pain_au_Chocolat,32,38,4.5,0,Sunny,Thursday
2024-02-02,Pain_au_Chocolat,43,47,4.5,0,Sunny,Friday
2024-02-03,Pain_au_Chocolat,43,50,4.5,10,Rainy,Saturday
2024-02-04,Pain_au_Chocolat,41,46,4.5,0,Rainy,Sunday
2024-02-05,Pain_au_Chocolat,36,42,4.5,0,Cloudy,Monday
2024-02-06,Pain_au_Chocolat,55,60,4.5,20,Sunny,Tuesday
2024-02-07,Pain_au_Chocolat,40,48,4.5,0,Sunny,Wednesday
2024-02-08,Pain_au_Chocolat,32,37,4.5,0,Cloudy,Thursday
2024-02-09,Pain_au_Chocolat,40,48,4.5,0,Sunny,Friday
2024-02-10,Pain_au_Chocolat,73,84,4.5,0,Sunny,Saturday
2024-02-11,Pain_au_Chocolat,51,57,4.5,0,Sunny,Sunday
2024-02-12,Pain_au_Chocolat,27,29,4.5,0,Sunny,Monday
2024-02-13,Pain_au_Chocolat,22,26,4.5,0,Rainy,Tuesday
2024-02-14,Pain_au_Chocolat,48,58,4.5,0,Sunny,Wednesday
2024-02-15,Pain_au_Chocolat,32,38,4.5,0,Cloudy,Thursday
2024-02-16,Pain_au_Chocolat,37,45,4.5,0,Sunny,Friday
2024-02-17,Pain_au_Chocolat,56,63,4.5,0,Sunny,Saturday
2024-02-18,Pain_au_Chocolat,61,67,4.5,0,Sunny,Sunday
2024-02-19,Pain_au_Chocolat,28,31,4.5,0,Sunny,Monday
2024-02-20,Pain_au_Chocolat,25,30,4.5,0,Rainy,Tuesday
2024-02-21,Pain_au_Chocolat,33,36,4.5,0,Cloudy,Wednesday
2024-02-22,Pain_au_Chocolat,24,27,4.5,0,Rainy,Thursday
2024-02-23,Pain_au_Chocolat,23,25,4.5,0,Rainy,Friday
2024-02-24,Pain_au_Chocolat,47,51,4.5,0,Cloudy,Saturday
2024-02-25,Pain_au_Chocolat,36,41,4.5,0,Rainy,Sunday
2024-02-26,Pain_au_Chocolat,24,30,4.5,0,Sunny,Monday
2024-02-27,Pain_au_Chocolat,37,44,4.5,0,Sunny,Tuesday
2024-02-28,Pain_au_Chocolat,38,41,4.5,0,Sunny,Wednesday
2024-02-29,Pain_au_Chocolat,41,50,4.5,25,Sunny,Thursday
2024-03-01,Pain_au_Chocolat,38,41,4.5,0,Sunny,Friday
2024-03-02,Pain_au_Chocolat,63,73,4.5,0,Sunny,Saturday
2024-03-03,Pain_au_Chocolat,54,65,4.5,0,Cloudy,Sunday
2024-03-04,Pain_au_Chocolat,30,34,4.5,0,Sunny,Monday
2024-03-05,Pain_au_Chocolat,42,46,4.5,25,Sunny,Tuesday
2024-03-06,Pain_au_Chocolat,34,39,4.5,0,Sunny,Wednesday
2024-03-07,Pain_au_Chocolat,40,47,4.5,0,Sunny,Thursday
2024-03-08,Pain_au_Chocolat,59,69,4.5,0,Cloudy,Friday
2024-03-09,Pain_au_Chocolat,73,83,4.5,0,Sunny,Saturday
2024-03-10,Pain_au_Chocolat,47,55,4.5,0,Rainy,Sunday
2024-03-11,Pain_au_Chocolat,25,29,4.5,0,Cloudy,Monday
2024-03-12,Pain_au_Chocolat,37,45,4.5,0,Sunny,Tuesday
2024-03-13,Pain_au_Chocolat,41,48,4.5,0,Sunny,Wednesday
2024-03-14,Pain_au_Chocolat,36,39,4.5,0,Cloudy,Thursday
2024-03-15,Pain_au_Chocolat,42,48,4.5,0,Cloudy,Friday
2024-03-16,Pain_au_Chocolat,60,66,4.5,0,Cloudy,Saturday
2024-03-17,Pain_au_Chocolat,61,71,4.5,0,Cloudy,Sunday
2024-03-18,Pain_au_Chocolat,38,41,4.5,0,Sunny,Monday
2024-03-19,Pain_au_Chocolat,33,39,4.5,0,Sunny,Tuesday
2024-03-20,Pain_au_Chocolat,34,40,4.5,0,Sunny,Wednesday
2024-03-21,Pain_au_Chocolat,29,35,4.5,0,Rainy,Thursday
2024-03-22,Pain_au_Chocolat,43,51,4.5,0,Cloudy,Friday
2024-03-23,Pain_au_Chocolat,55,62,4.5,0,Sunny,Saturday
2024-03-24,Pain_au_Chocolat,71,82,4.5,0,Sunny,Sunday
2024-03-25,Pain_au_Chocolat,41,48,4.5,0,Sunny,Monday
2024-03-26,Pain_au_Chocolat,39,43,4.5,0,Sunny,Tuesday
2024-03-27,Pain_au_Chocolat,42,51,4.5,15,Cloudy,Wednesday
2024-03-28,Pain_au_Chocolat,30,36,4.5,0,Cloudy,Thursday
2024-03-29,Pain_au_Chocolat,32,36,4.5,0,Rainy,Friday
2024-03-30,Pain_au_Chocolat,55,66,4.5,0,Sunny,Saturday
2024-03-31,Pain_au_Chocolat,129,150,4.5,15,Sunny,Sunday
2024-04-01,Pain_au_Chocolat,39,47,4.5,0,Cloudy,Monday
2024-04-02,Pain_au_Chocolat,50,60,4.5,25,Cloudy,Tuesday
2024-04-03,Pain_au_Chocolat,45,53,4.5,20,Cloudy,Wednesday
2024-04-04,Pain_au_Chocolat,33,36,4.5,0,Cloudy,Thursday
2024-04-05,Pain_au_Chocolat,37,40,4.5,0,Sunny,Friday
2024-04-06,Pain_au_Chocolat,57,63,4.5,0,Sunny,Saturday
2024-04-07,Pain_au_Chocolat,82,92,4.5,25,Sunny,Sunday
2024-04-08,Pain_au_Chocolat,28,31,4.5,0,Sunny,Monday
2024-04-09,Pain_au_Chocolat,43,49,4.5,25,Sunny,Tuesday
2024-04-10,Pain_au_Chocolat,47,53,4.5,0,Sunny,Wednesday
2024-04-11,Pain_au_Chocolat,33,36,4.5,0,Cloudy,Thursday
2024-04-12,Pain_au_Chocolat,56,65,4.5,15,Sunny,Friday
2024-04-13,Pain_au_Chocolat,66,76,4.5,0,Sunny,Saturday
2024-04-14,Pain_au_Chocolat,43,47,4.5,0,Rainy,Sunday
2024-04-15,Pain_au_Chocolat,25,30,4.5,0,Sunny,Monday
2024-04-16,Pain_au_Chocolat,35,42,4.5,0,Sunny,Tuesday
2024-04-17,Pain_au_Chocolat,34,38,4.5,0,Cloudy,Wednesday
2024-04-18,Pain_au_Chocolat,40,49,4.5,0,Sunny,Thursday
2024-04-19,Pain_au_Chocolat,35,39,4.5,0,Sunny,Friday
2024-04-20,Pain_au_Chocolat,72,83,4.5,30,Sunny,Saturday
2024-04-21,Pain_au_Chocolat,52,59,4.5,0,Sunny,Sunday
2024-04-22,Pain_au_Chocolat,22,26,4.5,0,Rainy,Monday
2024-04-23,Pain_au_Chocolat,36,41,4.5,0,Cloudy,Tuesday
2024-04-24,Pain_au_Chocolat,34,38,4.5,0,Cloudy,Wednesday
2024-04-25,Pain_au_Chocolat,29,32,4.5,0,Rainy,Thursday
2024-04-26,Pain_au_Chocolat,38,45,4.5,0,Cloudy,Friday
2024-04-27,Pain_au_Chocolat,76,88,4.5,0,Sunny,Saturday
2024-04-28,Pain_au_Chocolat,51,59,4.5,0,Rainy,Sunday
2024-04-29,Pain_au_Chocolat,31,34,4.5,0,Sunny,Monday
2024-04-30,Pain_au_Chocolat,36,41,4.5,0,Cloudy,Tuesday
2024-05-01,Pain_au_Chocolat,37,45,4.5,0,Rainy,Wednesday
2024-05-02,Pain_au_Chocolat,36,43,4.5,0,Sunny,Thursday
2024-05-03,Pain_au_Chocolat,39,42,4.5,0,Sunny,Friday
2024-05-04,Pain_au_Chocolat,61,67,4.5,0,Sunny,Saturday
2024-05-05,Pain_au_Chocolat,66,73,4.5,0,Sunny,Sunday
2024-05-06,Pain_au_Chocolat,30,33,4.5,0,Cloudy,Monday
2024-05-07,Pain_au_Chocolat,37,44,4.5,15,Rainy,Tuesday
2024-05-08,Pain_au_Chocolat,37,42,4.5,0,Sunny,Wednesday
2024-05-09,Pain_au_Chocolat,39,42,4.5,0,Sunny,Thursday
2024-05-10,Pain_au_Chocolat,41,46,4.5,0,Sunny,Friday
2024-05-11,Pain_au_Chocolat,55,63,4.5,0,Sunny,Saturday
2024-05-12,Pain_au_Chocolat,85,98,4.5,0,Sunny,Sunday
2024-05-13,Pain_au_Chocolat,31,36,4.5,0,Sunny,Monday
2024-05-14,Pain_au_Chocolat,29,34,4.5,0,Rainy,Tuesday
2024-05-15,Pain_au_Chocolat,43,47,4.5,0,Sunny,Wednesday
2024-05-16,Pain_au_Chocolat,43,50,4.5,0,Sunny,Thursday
2024-05-17,Pain_au_Chocolat,32,37,4.5,0,Cloudy,Friday
2024-05-18,Pain_au_Chocolat,45,54,4.5,0,Sunny,Saturday
2024-05-19,Pain_au_Chocolat,47,51,4.5,0,Rainy,Sunday
2024-05-20,Pain_au_Chocolat,28,32,4.5,0,Rainy,Monday
2024-05-21,Pain_au_Chocolat,40,44,4.5,0,Sunny,Tuesday
2024-05-22,Pain_au_Chocolat,38,45,4.5,0,Sunny,Wednesday
2024-05-23,Pain_au_Chocolat,50,55,4.5,10,Sunny,Thursday
2024-05-24,Pain_au_Chocolat,50,60,4.5,0,Sunny,Friday
2024-05-25,Pain_au_Chocolat,65,73,4.5,0,Sunny,Saturday
2024-05-26,Pain_au_Chocolat,53,59,4.5,0,Cloudy,Sunday
2024-05-27,Pain_au_Chocolat,30,34,4.5,0,Sunny,Monday
2024-05-28,Pain_au_Chocolat,44,52,4.5,0,Sunny,Tuesday
2024-05-29,Pain_au_Chocolat,50,56,4.5,0,Sunny,Wednesday
2024-05-30,Pain_au_Chocolat,35,40,4.5,0,Rainy,Thursday
2024-05-31,Pain_au_Chocolat,58,65,4.5,0,Sunny,Friday
2024-06-01,Pain_au_Chocolat,74,84,4.5,0,Sunny,Saturday
2024-06-02,Pain_au_Chocolat,79,94,4.5,0,Sunny,Sunday
2024-06-03,Pain_au_Chocolat,32,38,4.5,0,Rainy,Monday
2024-06-04,Pain_au_Chocolat,41,50,4.5,10,Sunny,Tuesday
2024-06-05,Pain_au_Chocolat,36,39,4.5,0,Cloudy,Wednesday
2024-06-06,Pain_au_Chocolat,50,55,4.5,25,Cloudy,Thursday
2024-06-07,Pain_au_Chocolat,50,55,4.5,0,Sunny,Friday
2024-06-08,Pain_au_Chocolat,72,87,4.5,15,Cloudy,Saturday
2024-06-09,Pain_au_Chocolat,59,66,4.5,0,Sunny,Sunday
2024-06-10,Pain_au_Chocolat,35,38,4.5,20,Cloudy,Monday
2024-06-11,Pain_au_Chocolat,46,55,4.5,25,Cloudy,Tuesday
2024-06-12,Pain_au_Chocolat,42,47,4.5,0,Sunny,Wednesday
2024-06-13,Pain_au_Chocolat,38,41,4.5,0,Sunny,Thursday
2024-06-14,Pain_au_Chocolat,35,41,4.5,0,Cloudy,Friday
2024-06-15,Pain_au_Chocolat,69,82,4.5,0,Sunny,Saturday
2024-06-16,Pain_au_Chocolat,71,81,4.5,0,Sunny,Sunday
2024-06-17,Pain_au_Chocolat,42,48,4.5,30,Sunny,Monday
2024-06-18,Pain_au_Chocolat,30,33,4.5,0,Cloudy,Tuesday
2024-06-19,Pain_au_Chocolat,51,56,4.5,30,Cloudy,Wednesday
2024-06-20,Pain_au_Chocolat,51,62,4.5,20,Sunny,Thursday
2024-06-21,Pain_au_Chocolat,56,67,4.5,0,Sunny,Friday
2024-06-22,Pain_au_Chocolat,77,86,4.5,0,Sunny,Saturday
2024-06-23,Pain_au_Chocolat,79,91,4.5,20,Cloudy,Sunday
2024-06-24,Pain_au_Chocolat,35,38,4.5,0,Sunny,Monday
2024-06-25,Pain_au_Chocolat,43,46,4.5,0,Cloudy,Tuesday
2024-06-26,Pain_au_Chocolat,47,55,4.5,0,Sunny,Wednesday
2024-06-27,Pain_au_Chocolat,43,50,4.5,15,Rainy,Thursday
2024-06-28,Pain_au_Chocolat,53,61,4.5,0,Sunny,Friday
2024-01-01,Eclair,19,21,5.0,0,Sunny,Monday
2024-01-02,Eclair,11,13,5.0,10,Rainy,Tuesday
2024-01-03,Eclair,12,14,5.0,0,Cloudy,Wednesday
2024-01-04,Eclair,14,16,5.0,0,Cloudy,Thursday
2024-01-05,Eclair,16,18,5.0,0,Sunny,Friday
2024-01-06,Eclair,27,30,5.0,0,Sunny,Saturday
2024-01-07,Eclair,30,34,5.0,0,Sunny,Sunday
2024-01-08,Eclair,8,9,5.0,0,Rainy,Monday
2024-01-09,Eclair,14,16,5.0,0,Cloudy,Tuesday
2024-01-10,Eclair,15,17,5.0,0,Cloudy,Wednesday
2024-01-11,Eclair,18,20,5.0,0,Sunny,Thursday
2024-01-12,Eclair,15,17,5.0,0,Rainy,Friday
2024-01-13,Eclair,28,32,5.0,0,Cloudy,Saturday
2024-01-14,Eclair,32,34,5.0,0,Sunny,Sunday
2024-01-15,Eclair,15,18,5.0,0,Sunny,Monday
2024-01-16,Eclair,16,17,5.0,0,Sunny,Tuesday
2024-01-17,Eclair,13,15,5.0,0,Sunny,Wednesday
2024-01-18,Eclair,17,20,5.0,0,Sunny,Thursday
2024-01-19,Eclair,20,23,5.0,0,Sunny,Friday
2024-01-20,Eclair,30,35,5.0,0,Sunny,Saturday
2024-01-21,Eclair,25,28,5.0,0,Cloudy,Sunday
2024-01-22,Eclair,14,16,5.0,0,Sunny,Monday
2024-01-23,Eclair,25,30,5.0,30,Sunny,Tuesday
2024-01-24,Eclair,20,22,5.0,20,Sunny,Wednesday
2024-01-25,Eclair,12,14,5.0,0,Sunny,Thursday
2024-01-26,Eclair,14,15,5.0,0,Cloudy,Friday
2024-01-27,Eclair,28,33,5.0,0,Sunny,Saturday
2024-01-28,Eclair,23,25,5.0,0,Sunny,Sunday
2024-01-29,Eclair,8,10,5.0,0,Cloudy,Monday
2024-01-30,Eclair,17,20,5.0,0,Sunny,Tuesday
2024-01-31,Eclair,12,15,5.0,0,Cloudy,Wednesday
2024-02-01,Eclair,17,20,5.0,0,Sunny,Thursday
2024-02-02,Eclair,22,26,5.0,0,Sunny,Friday
2024-02-03,Eclair,23,25,5.0,0,Rainy,Saturday
2024-02-04,Eclair,22,25,5.0,0,Rainy,Sunday
2024-02-05,Eclair,17,20,5.0,20,Cloudy,Monday
2024-02-06,Eclair,14,16,5.0,0,Sunny,Tuesday
2024-02-07,Eclair,13,15,5.0,0,Sunny,Wednesday
2024-02-08,Eclair,14,17,5.0,0,Cloudy,Thursday
2024-02-09,Eclair,15,17,5.0,0,Sunny,Friday
2024-02-10,Eclair,52,62,5.0,0,Sunny,Saturday
2024-02-11,Eclair,36,40,5.0,0,Sunny,Sunday
2024-02-12,Eclair,14,16,5.0,0,Sunny,Monday
2024-02-13,Eclair,11,13,5.0,0,Rainy,Tuesday
2024-02-14,Eclair,27,30,5.0,0,Sunny,Wednesday
2024-02-15,Eclair,16,17,5.0,15,Cloudy,Thursday
2024-02-16,Eclair,22,24,5.0,10,Sunny,Friday
2024-02-17,Eclair,36,40,5.0,0,Sunny,Saturday
2024-02-18,Eclair,44,52,5.0,0,Sunny,Sunday
2024-02-19,Eclair,30,35,5.0,25,Sunny,Monday
2024-02-20,Eclair,13,14,5.0,0,Rainy,Tuesday
2024-02-21,Eclair,16,19,5.0,0,Cloudy,Wednesday
2024-02-22,Eclair,17,19,5.0,25,Rainy,Thursday
2024-02-23,Eclair,13,15,5.0,0,Rainy,Friday
2024-02-24,Eclair,29,34,5.0,0,Cloudy,Saturday
2024-02-25,Eclair,23,27,5.0,0,Rainy,Sunday
2024-02-26,Eclair,16,17,5.0,0,Sunny,Monday
2024-02-27,Eclair,17,20,5.0,0,Sunny,Tuesday
2024-02-28,Eclair,16,18,5.0,0,Sunny,Wednesday
2024-02-29,Eclair,15,18,5.0,0,Sunny,Thursday
2024-03-01,Eclair,22,25,5.0,0,Sunny,Friday
2024-03-02,Eclair,33,38,5.0,0,Sunny,Saturday
2024-03-03,Eclair,25,28,5.0,0,Cloudy,Sunday
2024-03-04,Eclair,14,17,5.0,0,Sunny,Monday
2024-03-05,Eclair,19,21,5.0,0,Sunny,Tuesday
2024-03-06,Eclair,22,25,5.0,20,Sunny,Wednesday
2024-03-07,Eclair,17,21,5.0,0,Sunny,Thursday
2024-03-08,Eclair,23,28,5.0,0,Cloudy,Friday
2024-03-09,Eclair,36,42,5.0,0,Sunny,Saturday
2024-03-10,Eclair,26,29,5.0,0,Rainy,Sunday
2024-03-11,Eclair,13,15,5.0,0,Cloudy,Monday
2024-03-12,Eclair,21,25,5.0,0,Sunny,Tuesday
2024-03-13,Eclair,23,27,5.0,0,Sunny,Wednesday
2024-03-14,Eclair,18,20,5.0,0,Cloudy,Thursday
2024-03-15,Eclair,20,23,5.0,0,Cloudy,Friday
2024-03-16,Eclair,28,30,5.0,0,Cloudy,Saturday
2024-03-17,Eclair,38,42,5.0,15,Cloudy,Sunday
2024-03-18,Eclair,19,22,5.0,0,Sunny,Monday
2024-03-19,Eclair,22,25,5.0,0,Sunny,Tuesday
2024-03-20,Eclair,24,29,5.0,0,Sunny,Wednesday
2024-03-21,Eclair,13,15,5.0,0,Rainy,Thursday
2024-03-22,Eclair,19,21,5.0,0,Cloudy,Friday
2024-03-23,Eclair,58,63,5.0,30,Sunny,Saturday
2024-03-24,Eclair,40,45,5.0,0,Sunny,Sunday
2024-03-25,Eclair,17,20,5.0,0,Sunny,Monday
2024-03-26,Eclair,24,27,5.0,10,Sunny,Tuesday
2024-03-27,Eclair,25,30,5.0,25,Cloudy,Wednesday
2024-03-28,Eclair,20,23,5.0,0,Cloudy,Thursday
2024-03-29,Eclair,17,20,5.0,0,Rainy,Friday
2024-03-30,Eclair,36,39,5.0,0,Sunny,Saturday
2024-03-31,Eclair,68,74,5.0,0,Sunny,Sunday
2024-04-01,Eclair,19,23,5.0,0,Cloudy,Monday
2024-04-02,Eclair,18,22,5.0,0,Cloudy,Tuesday
2024-04-03,Eclair,19,21,5.0,0,Cloudy,Wednesday
2024-04-04,Eclair,20,22,5.0,0,Cloudy,Thursday
2024-04-05,Eclair,29,32,5.0,0,Sunny,Friday
2024-04-06,Eclair,36,41,5.0,0,Sunny,Saturday
2024-04-07,Eclair,47,52,5.0,25,Sunny,Sunday
2024-04-08,Eclair,13,14,5.0,0,Sunny,Monday
2024-04-09,Eclair,23,26,5.0,10,Sunny,Tuesday
2024-04-10,Eclair,31,37,5.0,0,Sunny,Wednesday
2024-04-11,Eclair,18,20,5.0,0,Cloudy,Thursday
2024-04-12,Eclair,21,22,5.0,0,Sunny,Friday
2024-04-13,Eclair,36,43,5.0,0,Sunny,Saturday
2024-04-14,Eclair,24,28,5.0,0,Rainy,Sunday
2024-04-15,Eclair,19,23,5.0,0,Sunny,Monday
2024-04-16,Eclair,20,23,5.0,0,Sunny,Tuesday
2024-04-17,Eclair,19,22,5.0,20,Cloudy,Wednesday
2024-04-18,Eclair,17,19,5.0,0,Sunny,Thursday
2024-04-19,Eclair,23,26,5.0,0,Sunny,Friday
2024-04-20,Eclair,30,34,5.0,0,Sunny,Saturday
2024-04-21,Eclair,32,37,5.0,0,Sunny,Sunday
2024-04-22,Eclair,12,14,5.0,0,Rainy,Monday
2024-04-23,Eclair,23,27,5.0,25,Cloudy,Tuesday
2024-04-24,Eclair,16,19,5.0,0,Cloudy,Wednesday
2024-04-25,Eclair,15,16,5.0,0,Rainy,Thursday
2024-04-26,Eclair,34,41,5.0,25,Cloudy,Friday
2024-04-27,Eclair,37,41,5.0,0,Sunny,Saturday
2024-04-28,Eclair,21,24,5.0,0,Rainy,Sunday
2024-04-29,Eclair,16,18,5.0,0,Sunny,Monday
2024-04-30,Eclair,24,27,5.0,20,Cloudy,Tuesday
2024-05-01,Eclair,23,27,5.0,0,Rainy,Wednesday
2024-05-02,Eclair,28,33,5.0,20,Sunny,Thursday
2024-05-03,Eclair,20,22,5.0,0,Sunny,Friday
2024-05-04,Eclair,32,39,5.0,0,Sunny,Saturday
2024-05-05,Eclair,54,66,5.0,30,Sunny,Sunday
2024-05-06,Eclair,14,18,5.0,0,Cloudy,Monday
2024-05-07,Eclair,14,17,5.0,0,Rainy,Tuesday
2024-05-08,Eclair,24,28,5.0,0,Sunny,Wednesday
2024-05-09,Eclair,23,26,5.0,0,Sunny,Thursday
2024-05-10,Eclair,23,27,5.0,0,Sunny,Friday
2024-05-11,Eclair,42,50,5.0,0,Sunny,Saturday
2024-05-12,Eclair,61,66,5.0,0,Sunny,Sunday
2024-05-13,Eclair,23,27,5.0,25,Sunny,Monday
2024-05-14,Eclair,12,14,5.0,10,Rainy,Tuesday
2024-05-15,Eclair,17,20,5.0,0,Sunny,Wednesday
2024-05-16,Eclair,24,29,5.0,10,Sunny,Thursday
2024-05-17,Eclair,22,25,5.0,0,Cloudy,Friday
2024-05-18,Eclair,33,37,5.0,0,Sunny,Saturday
2024-05-19,Eclair,36,42,5.0,30,Rainy,Sunday
2024-05-20,Eclair,23,27,5.0,25,Rainy,Monday
2024-05-21,Eclair,27,31,5.0,0,Sunny,Tuesday
2024-05-22,Eclair,22,25,5.0,0,Sunny,Wednesday
2024-05-23,Eclair,21,24,5.0,0,Sunny,Thursday
2024-05-24,Eclair,25,29,5.0,0,Sunny,Friday
2024-05-25,Eclair,39,43,5.0,0,Sunny,Saturday
2024-05-26,Eclair,35,41,5.0,0,Cloudy,Sunday
2024-05-27,Eclair,29,35,5.0,20,Sunny,Monday
2024-05-28,Eclair,21,23,5.0,0,Sunny,Tuesday
2024-05-29,Eclair,18,20,5.0,0,Sunny,Wednesday
2024-05-30,Eclair,11,13,5.0,0,Rainy,Thursday
2024-05-31,Eclair,21,24,5.0,0,Sunny,Friday
2024-06-01,Eclair,40,45,5.0,0,Sunny,Saturday
2024-06-02,Eclair,47,50,5.0,0,Sunny,Sunday
2024-06-03,Eclair,12,14,5.0,0,Rainy,Monday
2024-06-04,Eclair,32,34,5.0,25,Sunny,Tuesday
2024-06-05,Eclair,20,22,5.0,0,Cloudy,Wednesday
2024-06-06,Eclair,20,22,5.0,0,Cloudy,Thursday
2024-06-07,Eclair,28,31,5.0,0,Sunny,Friday
2024-06-08,Eclair,38,45,5.0,0,Cloudy,Saturday
2024-06-09,Eclair,48,56,5.0,0,Sunny,Sunday
2024-06-10,Eclair,20,25,5.0,0,Cloudy,Monday
2024-06-11,Eclair,17,20,5.0,0,Cloudy,Tuesday
2024-06-12,Eclair,22,25,5.0,0,Sunny,Wednesday
2024-06-13,Eclair,34,38,5.0,30,Sunny,Thursday
2024-06-14,Eclair,26,28,5.0,0,Cloudy,Friday
2024-06-15,Eclair,41,46,5.0,0,Sunny,Saturday
2024-06-16,Eclair,38,42,5.0,0,Sunny,Sunday
2024-06-17,Eclair,13,15,5.0,0,Sunny,Monday
2024-06-18,Eclair,19,21,5.0,0,Cloudy,Tuesday
2024-06-19,Eclair,25,30,5.0,0,Cloudy,Wednesday
2024-06-20,Eclair,30,36,5.0,0,Sunny,Thursday
2024-06-21,Eclair,36,42,5.0,15,Sunny,Friday
2024-06-22,Eclair,47,55,5.0,20,Sunny,Saturday
2024-06-23,Eclair,32,39,5.0,0,Cloudy,Sunday
2024-06-24,Eclair,21,25,5.0,0,Sunny,Monday
2024-06-25,Eclair,21,23,5.0,0,Cloudy,Tuesday
2024-06-26,Eclair,27,29,5.0,0,Sunny,Wednesday
2024-06-27,Eclair,14,16,5.0,0,Rainy,Thursday
2024-06-28,Eclair,27,32,5.0,0,Sunny,Friday
2024-01-01,Macaron,21,23,2.5,0,Sunny,Monday
2024-01-02,Macaron,12,13,2.5,0,Rainy,Tuesday
2024-01-03,Macaron,15,16,2.5,0,Cloudy,Wednesday
2024-01-04,Macaron,14,15,2.5,0,Cloudy,Thursday
2024-01-05,Macaron,25,28,2.5,15,Sunny,Friday
2024-01-06,Macaron,37,45,2.5,0,Sunny,Saturday
2024-01-07,Macaron,48,58,2.5,15,Sunny,Sunday
2024-01-08,Macaron,13,15,2.5,0,Rainy,Monday
2024-01-09,Macaron,14,16,2.5,0,Cloudy,Tuesday
2024-01-10,Macaron,15,18,2.5,0,Cloudy,Wednesday
2024-01-11,Macaron,26,29,2.5,20,Sunny,Thursday
2024-01-12,Macaron,11,13,2.5,0,Rainy,Friday
2024-01-13,Macaron,24,27,2.5,0,Cloudy,Saturday
2024-01-14,Macaron,33,38,2.5,0,Sunny,Sunday
2024-01-15,Macaron,13,15,2.5,0,Sunny,Monday
2024-01-16,Macaron,18,22,2.5,0,Sunny,Tuesday
2024-01-17,Macaron,17,20,2.5,0,Sunny,Wednesday
2024-01-18,Macaron,14,16,2.5,0,Sunny,Thursday
2024-01-19,Macaron,21,23,2.5,0,Sunny,Friday
2024-01-20,Macaron,42,48,2.5,0,Sunny,Saturday
2024-01-21,Macaron,33,36,2.5,0,Cloudy,Sunday
2024-01-22,Macaron,14,17,2.5,0,Sunny,Monday
2024-01-23,Macaron,17,20,2.5,0,Sunny,Tuesday
2024-01-24,Macaron,16,19,2.5,0,Sunny,Wednesday
2024-01-25,Macaron,14,16,2.5,0,Sunny,Thursday
2024-01-26,Macaron,14,17,2.5,0,Cloudy,Friday
2024-01-27,Macaron,28,33,2.5,0,Sunny,Saturday
2024-01-28,Macaron,38,46,2.5,15,Sunny,Sunday
2024-01-29,Macaron,10,12,2.5,0,Cloudy,Monday
2024-01-30,Macaron,16,18,2.5,0,Sunny,Tuesday
2024-01-31,Macaron,13,15,2.5,0,Cloudy,Wednesday
2024-02-01,Macaron,17,20,2.5,0,Sunny,Thursday
2024-02-02,Macaron,22,25,2.5,0,Sunny,Friday
2024-02-03,Macaron,21,26,2.5,0,Rainy,Saturday
2024-02-04,Macaron,19,21,2.5,0,Rainy,Sunday
2024-02-05,Macaron,10,11,2.5,0,Cloudy,Monday
2024-02-06,Macaron,14,16,2.5,0,Sunny,Tuesday
2024-02-07,Macaron,23,27,2.5,15,Sunny,Wednesday
2024-02-08,Macaron,16,18,2.5,0,Cloudy,Thursday
2024-02-09,Macaron,20,22,2.5,0,Sunny,Friday
2024-02-10,Macaron,46,51,2.5,0,Sunny,Saturday
2024-02-11,Macaron,28,32,2.5,0,Sunny,Sunday
2024-02-12,Macaron,14,17,2.5,0,Sunny,Monday
2024-02-13,Macaron,11,12,2.5,0,Rainy,Tuesday
2024-02-14,Macaron,27,32,2.5,0,Sunny,Wednesday
2024-02-15,Macaron,13,14,2.5,0,Cloudy,Thursday
2024-02-16,Macaron,25,29,2.5,20,Sunny,Friday
2024-02-17,Macaron,33,39,2.5,0,Sunny,Saturday
2024-02-18,Macaron,37,41,2.5,0,Sunny,Sunday
2024-02-19,Macaron,18,20,2.5,0,Sunny,Monday
2024-02-20,Macaron,11,13,2.5,0,Rainy,Tuesday
2024-02-21,Macaron,15,17,2.5,0,Cloudy,Wednesday
2024-02-22,Macaron,10,11,2.5,0,Rainy,Thursday
2024-02-23,Macaron,12,14,2.5,0,Rainy,Friday
2024-02-24,Macaron,29,32,2.5,0,Cloudy,Saturday
2024-02-25,Macaron,17,20,2.5,0,Rainy,Sunday
2024-02-26,Macaron,13,14,2.5,0,Sunny,Monday
2024-02-27,Macaron,15,18,2.5,0,Sunny,Tuesday
2024-02-28,Macaron,18,22,2.5,0,Sunny,Wednesday
2024-02-29,Macaron,18,20,2.5,0,Sunny,Thursday
2024-03-01,Macaron,17,18,2.5,0,Sunny,Friday
2024-03-02,Macaron,30,33,2.5,0,Sunny,Saturday
2024-03-03,Macaron,29,35,2.5,0,Cloudy,Sunday
2024-03-04,Macaron,16,19,2.5,0,Sunny,Monday
2024-03-05,Macaron,16,19,2.5,0,Sunny,Tuesday
2024-03-06,Macaron,18,21,2.5,0,Sunny,Wednesday
2024-03-07,Macaron,22,26,2.5,0,Sunny,Thursday
2024-03-08,Macaron,29,31,2.5,15,Cloudy,Friday
2024-03-09,Macaron,36,39,2.5,0,Sunny,Saturday
2024-03-10,Macaron,20,22,2.5,0,Rainy,Sunday
2024-03-11,Macaron,12,14,2.5,0,Cloudy,Monday
2024-03-12,Macaron,19,23,2.5,0,Sunny,Tuesday
2024-03-13,Macaron,19,22,2.5,0,Sunny,Wednesday
2024-03-14,Macaron,14,15,2.5,0,Cloudy,Thursday
2024-03-15,Macaron,17,20,2.5,0,Cloudy,Friday
2024-03-16,Macaron,32,38,2.5,0,Cloudy,Saturday
2024-03-17,Macaron,35,43,2.5,0,Cloudy,Sunday
2024-03-18,Macaron,18,22,2.5,0,Sunny,Monday
2024-03-19,Macaron,21,26,2.5,0,Sunny,Tuesday
2024-03-20,Macaron,26,31,2.5,25,Sunny,Wednesday
2024-03-21,Macaron,11,12,2.5,15,Rainy,Thursday
2024-03-22,Macaron,14,17,2.5,0,Cloudy,Friday
2024-03-23,Macaron,39,47,2.5,0,Sunny,Saturday
2024-03-24,Macaron,63,69,2.5,30,Sunny,Sunday
2024-03-25,Macaron,23,26,2.5,10,Sunny,Monday
2024-03-26,Macaron,16,18,2.5,0,Sunny,Tuesday
2024-03-27,Macaron,18,21,2.5,30,Cloudy,Wednesday
2024-03-28,Macaron,14,16,2.5,0,Cloudy,Thursday
2024-03-29,Macaron,9,10,2.5,0,Rainy,Friday
2024-03-30,Macaron,43,52,2.5,0,Sunny,Saturday
2024-03-31,Macaron,62,69,2.5,0,Sunny,Sunday
2024-04-01,Macaron,14,17,2.5,25,Cloudy,Monday
2024-04-02,Macaron,16,18,2.5,0,Cloudy,Tuesday
2024-04-03,Macaron,18,20,2.5,10,Cloudy,Wednesday
2024-04-04,Macaron,15,17,2.5,0,Cloudy,Thursday
2024-04-05,Macaron,27,32,2.5,10,Sunny,Friday
2024-04-06,Macaron,35,40,2.5,0,Sunny,Saturday
2024-04-07,Macaron,34,39,2.5,0,Sunny,Sunday
2024-04-08,Macaron,15,16,2.5,0,Sunny,Monday
2024-04-09,Macaron,19,21,2.5,0,Sunny,Tuesday
2024-04-10,Macaron,35,38,2.5,15,Sunny,Wednesday
2024-04-11,Macaron,14,17,2.5,0,Cloudy,Thursday
2024-04-12,Macaron,21,24,2.5,0,Sunny,Friday
2024-04-13,Macaron,39,42,2.5,0,Sunny,Saturday
2024-04-14,Macaron,23,26,2.5,0,Rainy,Sunday
2024-04-15,Macaron,14,17,2.5,0,Sunny,Monday
2024-04-16,Macaron,16,19,2.5,0,Sunny,Tuesday
2024-04-17,Macaron,16,18,2.5,0,Cloudy,Wednesday
2024-04-18,Macaron,20,22,2.5,0,Sunny,Thursday
2024-04-19,Macaron,20,21,2.5,0,Sunny,Friday
2024-04-20,Macaron,33,40,2.5,0,Sunny,Saturday
2024-04-21,Macaron,29,34,2.5,0,Sunny,Sunday
2024-04-22,Macaron,5,5,2.5,0,Rainy,Monday
2024-04-23,Macaron,17,19,2.5,0,Cloudy,Tuesday
2024-04-24,Macaron,15,16,2.5,0,Cloudy,Wednesday
2024-04-25,Macaron,13,15,2.5,15,Rainy,Thursday
2024-04-26,Macaron,17,20,2.5,0,Cloudy,Friday
2024-04-27,Macaron,38,45,2.5,0,Sunny,Saturday
2024-04-28,Macaron,25,30,2.5,0,Rainy,Sunday
2024-04-29,Macaron,19,22,2.5,0,Sunny,Monday
2024-04-30,Macaron,14,16,2.5,0,Cloudy,Tuesday
2024-05-01,Macaron,12,14,2.5,0,Rainy,Wednesday
2024-05-02,Macaron,19,22,2.5,0,Sunny,Thursday
2024-05-03,Macaron,21,24,2.5,0,Sunny,Friday
2024-05-04,Macaron,40,45,2.5,0,Sunny,Saturday
2024-05-05,Macaron,46,50,2.5,0,Sunny,Sunday
2024-05-06,Macaron,16,17,2.5,0,Cloudy,Monday
2024-05-07,Macaron,10,12,2.5,0,Rainy,Tuesday
2024-05-08,Macaron,20,23,2.5,0,Sunny,Wednesday
2024-05-09,Macaron,20,22,2.5,0,Sunny,Thursday
2024-05-10,Macaron,25,28,2.5,0,Sunny,Friday
2024-05-11,Macaron,38,43,2.5,0,Sunny,Saturday
2024-05-12,Macaron,77,92,2.5,10,Sunny,Sunday
2024-05-13,Macaron,24,29,2.5,0,Sunny,Monday
2024-05-14,Macaron,13,16,2.5,0,Rainy,Tuesday
2024-05-15,Macaron,22,27,2.5,0,Sunny,Wednesday
2024-05-16,Macaron,17,20,2.5,0,Sunny,Thursday
2024-05-17,Macaron,17,20,2.5,0,Cloudy,Friday
2024-05-18,Macaron,40,46,2.5,0,Sunny,Saturday
2024-05-19,Macaron,24,28,2.5,0,Rainy,Sunday
2024-05-20,Macaron,8,9,2.5,0,Rainy,Monday
2024-05-21,Macaron,14,16,2.5,0,Sunny,Tuesday
2024-05-22,Macaron,16,19,2.5,0,Sunny,Wednesday
2024-05-23,Macaron,19,22,2.5,0,Sunny,Thursday
2024-05-24,Macaron,19,22,2.5,0,Sunny,Friday
2024-05-25,Macaron,39,46,2.5,0,Sunny,Saturday
2024-05-26,Macaron,35,39,2.5,0,Cloudy,Sunday
2024-05-27,Macaron,21,25,2.5,15,Sunny,Monday
2024-05-28,Macaron,20,24,2.5,0,Sunny,Tuesday
2024-05-29,Macaron,24,27,2.5,0,Sunny,Wednesday
2024-05-30,Macaron,12,14,2.5,0,Rainy,Thursday
2024-05-31,Macaron,19,23,2.5,0,Sunny,Friday
2024-06-01,Macaron,42,45,2.5,0,Sunny,Saturday
2024-06-02,Macaron,43,50,2.5,0,Sunny,Sunday
2024-06-03,Macaron,10,12,2.5,0,Rainy,Monday
2024-06-04,Macaron,21,25,2.5,0,Sunny,Tuesday
2024-06-05,Macaron,13,15,2.5,0,Cloudy,Wednesday
2024-06-06,Macaron,14,16,2.5,0,Cloudy,Thursday
2024-06-07,Macaron,21,25,2.5,0,Sunny,Friday
2024-06-08,Macaron,25,30,2.5,0,Cloudy,Saturday
2024-06-09,Macaron,42,50,2.5,0,Sunny,Sunday
2024-06-10,Macaron,18,21,2.5,0,Cloudy,Monday
2024-06-11,Macaron,20,24,2.5,15,Cloudy,Tuesday
2024-06-12,Macaron,19,22,2.5,0,Sunny,Wednesday
2024-06-13,Macaron,17,19,2.5,0,Sunny,Thursday
2024-06-14,Macaron,19,21,2.5,0,Cloudy,Friday
2024-06-15,Macaron,52,62,2.5,25,Sunny,Saturday
2024-06-16,Macaron,28,33,2.5,0,Sunny,Sunday
2024-06-17,Macaron,10,11,2.5,0,Sunny,Monday
2024-06-18,Macaron,19,21,2.5,15,Cloudy,Tuesday
2024-06-19,Macaron,14,16,2.5,0,Cloudy,Wednesday
2024-06-20,Macaron,16,20,2.5,0,Sunny,Thursday
2024-06-21,Macaron,26,31,2.5,0,Sunny,Friday
2024-06-22,Macaron,43,49,2.5,0,Sunny,Saturday
2024-06-23,Macaron,31,34,2.5,0,Cloudy,Sunday
2024-06-24,Macaron,31,37,2.5,25,Sunny,Monday
2024-06-25,Macaron,20,24,2.5,0,Cloudy,Tuesday
2024-06-26,Macaron,15,18,2.5,0,Sunny,Wednesday
2024-06-27,Macaron,11,13,2.5,20,Rainy,Thursday
2024-06-28,Macaron,25,30,2.5,0,Sunny,Friday
2024-01-01,Tart,28,31,4.8,20,Sunny,Monday
2024-01-02,Tart,12,14,4.8,0,Rainy,Tuesday
2024-01-03,Tart,15,19,4.8,0,Cloudy,Wednesday
2024-01-04,Tart,19,24,4.8,0,Cloudy,Thursday
2024-01-05,Tart,23,26,4.8,0,Sunny,Friday
2024-01-06,Tart,34,39,4.8,0,Sunny,Saturday
2024-01-07,Tart,33,38,4.8,0,Sunny,Sunday
2024-01-08,Tart,10,11,4.8,0,Rainy,Monday
2024-01-09,Tart,17,19,4.8,0,Cloudy,Tuesday
2024-01-10,Tart,20,24,4.8,0,Cloudy,Wednesday
2024-01-11,Tart,28,32,4.8,0,Sunny,Thursday
2024-01-12,Tart,18,20,4.8,0,Rainy,Friday
2024-01-13,Tart,34,38,4.8,0,Cloudy,Saturday
2024-01-14,Tart,34,40,4.8,0,Sunny,Sunday
2024-01-15,Tart,12,14,4.8,0,Sunny,Monday
2024-01-16,Tart,26,29,4.8,25,Sunny,Tuesday
2024-01-17,Tart,19,21,4.8,0,Sunny,Wednesday
2024-01-18,Tart,20,22,4.8,0,Sunny,Thursday
2024-01-19,Tart,23,26,4.8,0,Sunny,Friday
2024-01-20,Tart,28,33,4.8,0,Sunny,Saturday
2024-01-21,Tart,28,32,4.8,0,Cloudy,Sunday
2024-01-22,Tart,17,20,4.8,0,Sunny,Monday
2024-01-23,Tart,17,19,4.8,0,Sunny,Tuesday
2024-01-24,Tart,15,18,4.8,0,Sunny,Wednesday
2024-01-25,Tart,18,20,4.8,0,Sunny,Thursday
2024-01-26,Tart,19,23,4.8,0,Cloudy,Friday
2024-01-27,Tart,30,35,4.8,0,Sunny,Saturday
2024-01-28,Tart,36,40,4.8,0,Sunny,Sunday
2024-01-29,Tart,19,21,4.8,0,Cloudy,Monday
2024-01-30,Tart,27,33,4.8,0,Sunny,Tuesday
2024-01-31,Tart,19,22,4.8,0,Cloudy,Wednesday
2024-02-01,Tart,18,20,4.8,0,Sunny,Thursday
2024-02-02,Tart,20,22,4.8,0,Sunny,Friday
2024-02-03,Tart,23,26,4.8,0,Rainy,Saturday
2024-02-04,Tart,25,31,4.8,0,Rainy,Sunday
2024-02-05,Tart,15,17,4.8,0,Cloudy,Monday
2024-02-06,Tart,23,25,4.8,0,Sunny,Tuesday
2024-02-07,Tart,29,35,4.8,25,Sunny,Wednesday
2024-02-08,Tart,15,18,4.8,0,Cloudy,Thursday
2024-02-09,Tart,23,26,4.8,0,Sunny,Friday
2024-02-10,Tart,65,73,4.8,0,Sunny,Saturday
2024-02-11,Tart,41,48,4.8,0,Sunny,Sunday
2024-02-12,Tart,15,18,4.8,0,Sunny,Monday
2024-02-13,Tart,13,15,4.8,0,Rainy,Tuesday
2024-02-14,Tart,32,38,4.8,0,Sunny,Wednesday
2024-02-15,Tart,15,18,4.8,0,Cloudy,Thursday
2024-02-16,Tart,21,23,4.8,0,Sunny,Friday
2024-02-17,Tart,39,43,4.8,0,Sunny,Saturday
2024-02-18,Tart,47,54,4.8,10,Sunny,Sunday
2024-02-19,Tart,20,22,4.8,0,Sunny,Monday
2024-02-20,Tart,13,16,4.8,0,Rainy,Tuesday
2024-02-21,Tart,20,23,4.8,0,Cloudy,Wednesday
2024-02-22,Tart,17,20,4.8,0,Rainy,Thursday
2024-02-23,Tart,21,24,4.8,20,Rainy,Friday
2024-02-24,Tart,30,35,4.8,0,Cloudy,Saturday
2024-02-25,Tart,24,28,4.8,0,Rainy,Sunday
2024-02-26,Tart,19,21,4.8,0,Sunny,Monday
2024-02-27,Tart,23,26,4.8,0,Sunny,Tuesday
2024-02-28,Tart,20,22,4.8,0,Sunny,Wednesday
2024-02-29,Tart,20,24,4.8,0,Sunny,Thursday
2024-03-01,Tart,23,27,4.8,0,Sunny,Friday
2024-03-02,Tart,40,43,4.8,20,Sunny,Saturday
2024-03-03,Tart,33,37,4.8,0,Cloudy,Sunday
2024-03-04,Tart,23,27,4.8,0,Sunny,Monday
2024-03-05,Tart,22,25,4.8,0,Sunny,Tuesday
2024-03-06,Tart,22,25,4.8,0,Sunny,Wednesday
2024-03-07,Tart,23,26,4.8,0,Sunny,Thursday
2024-03-08,Tart,30,36,4.8,0,Cloudy,Friday
2024-03-09,Tart,29,35,4.8,0,Sunny,Saturday
2024-03-10,Tart,19,21,4.8,0,Rainy,Sunday
2024-03-11,Tart,14,17,4.8,0,Cloudy,Monday
2024-03-12,Tart,21,26,4.8,0,Sunny,Tuesday
2024-03-13,Tart,22,24,4.8,0,Sunny,Wednesday
2024-03-14,Tart,22,25,4.8,0,Cloudy,Thursday
2024-03-15,Tart,26,30,4.8,0,Cloudy,Friday
2024-03-16,Tart,34,37,4.8,0,Cloudy,Saturday
2024-03-17,Tart,32,36,4.8,0,Cloudy,Sunday
2024-03-18,Tart,21,24,4.8,0,Sunny,Monday
2024-03-19,Tart,21,25,4.8,0,Sunny,Tuesday
2024-03-20,Tart,20,24,4.8,0,Sunny,Wednesday
2024-03-21,Tart,14,15,4.8,0,Rainy,Thursday
2024-03-22,Tart,27,30,4.8,10,Cloudy,Friday
2024-03-23,Tart,47,51,4.8,25,Sunny,Saturday
2024-03-24,Tart,40,44,4.8,0,Sunny,Sunday
2024-03-25,Tart,23,26,4.8,0,Sunny,Monday
2024-03-26,Tart,24,28,4.8,0,Sunny,Tuesday
2024-03-27,Tart,20,24,4.8,0,Cloudy,Wednesday
2024-03-28,Tart,21,25,4.8,0,Cloudy,Thursday
2024-03-29,Tart,16,19,4.8,0,Rainy,Friday
2024-03-30,Tart,43,49,4.8,15,Sunny,Saturday
2024-03-31,Tart,68,79,4.8,0,Sunny,Sunday
2024-04-01,Tart,21,23,4.8,0,Cloudy,Monday
2024-04-02,Tart,19,21,4.8,0,Cloudy,Tuesday
2024-04-03,Tart,30,32,4.8,25,Cloudy,Wednesday
2024-04-04,Tart,24,29,4.8,0,Cloudy,Thursday
2024-04-05,Tart,27,33,4.8,15,Sunny,Friday
2024-04-06,Tart,42,51,4.8,0,Sunny,Saturday
2024-04-07,Tart,48,52,4.8,0,Sunny,Sunday
2024-04-08,Tart,25,28,4.8,0,Sunny,Monday
2024-04-09,Tart,26,32,4.8,0,Sunny,Tuesday
2024-04-10,Tart,33,36,4.8,0,Sunny,Wednesday
2024-04-11,Tart,20,21,4.8,0,Cloudy,Thursday
2024-04-12,Tart,27,32,4.8,0,Sunny,Friday
2024-04-13,Tart,31,37,4.8,0,Sunny,Saturday
2024-04-14,Tart,21,23,4.8,0,Rainy,Sunday
2024-04-15,Tart,20,22,4.8,0,Sunny,Monday
2024-04-16,Tart,26,32,4.8,0,Sunny,Tuesday
2024-04-17,Tart,24,28,4.8,0,Cloudy,Wednesday
2024-04-18,Tart,22,24,4.8,0,Sunny,Thursday
2024-04-19,Tart,29,34,4.8,0,Sunny,Friday
2024-04-20,Tart,43,50,4.8,0,Sunny,Saturday
2024-04-21,Tart,36,43,4.8,0,Sunny,Sunday
2024-04-22,Tart,12,14,4.8,0,Rainy,Monday
2024-04-23,Tart,20,23,4.8,0,Cloudy,Tuesday
2024-04-24,Tart,25,28,4.8,30,Cloudy,Wednesday
2024-04-25,Tart,12,13,4.8,0,Rainy,Thursday
2024-04-26,Tart,20,23,4.8,0,Cloudy,Friday
2024-04-27,Tart,30,34,4.8,0,Sunny,Saturday
2024-04-28,Tart,25,27,4.8,0,Rainy,Sunday
2024-04-29,Tart,24,27,4.8,0,Sunny,Monday
2024-04-30,Tart,21,25,4.8,0,Cloudy,Tuesday
2024-05-01,Tart,27,31,4.8,15,Rainy,Wednesday
2024-05-02,Tart,25,28,4.8,0,Sunny,Thursday
2024-05-03,Tart,42,47,4.8,30,Sunny,Friday
2024-05-04,Tart,37,42,4.8,0,Sunny,Saturday
2024-05-05,Tart,38,43,4.8,0,Sunny,Sunday
2024-05-06,Tart,16,18,4.8,0,Cloudy,Monday
2024-05-07,Tart,17,20,4.8,0,Rainy,Tuesday
2024-05-08,Tart,23,25,4.8,0,Sunny,Wednesday
2024-05-09,Tart,25,28,4.8,0,Sunny,Thursday
2024-05-10,Tart,30,36,4.8,0,Sunny,Friday
2024-05-11,Tart,43,51,4.8,0,Sunny,Saturday
2024-05-12,Tart,63,69,4.8,0,Sunny,Sunday
2024-05-13,Tart,20,23,4.8,0,Sunny,Monday
2024-05-14,Tart,15,18,4.8,0,Rainy,Tuesday
2024-05-15,Tart,26,30,4.8,0,Sunny,Wednesday
2024-05-16,Tart,27,32,4.8,0,Sunny,Thursday
2024-05-17,Tart,22,25,4.8,0,Cloudy,Friday
2024-05-18,Tart,33,38,4.8,0,Sunny,Saturday
2024-05-19,Tart,26,30,4.8,0,Rainy,Sunday
2024-05-20,Tart,18,21,4.8,0,Rainy,Monday
2024-05-21,Tart,37,42,4.8,20,Sunny,Tuesday
2024-05-22,Tart,25,29,4.8,0,Sunny,Wednesday
2024-05-23,Tart,24,27,4.8,0,Sunny,Thursday
2024-05-24,Tart,27,31,4.8,0,Sunny,Friday
2024-05-25,Tart,37,45,4.8,0,Sunny,Saturday
2024-05-26,Tart,32,37,4.8,0,Cloudy,Sunday
2024-05-27,Tart,20,22,4.8,0,Sunny,Monday
2024-05-28,Tart,26,29,4.8,0,Sunny,Tuesday
2024-05-29,Tart,24,28,4.8,0,Sunny,Wednesday
2024-05-30,Tart,16,19,4.8,0,Rainy,Thursday
2024-05-31,Tart,23,26,4.8,0,Sunny,Friday
2024-06-01,Tart,52,61,4.8,0,Sunny,Saturday
2024-06-02,Tart,42,51,4.8,0,Sunny,Sunday
2024-06-03,Tart,11,13,4.8,0,Rainy,Monday
2024-06-04,Tart,24,28,4.8,0,Sunny,Tuesday
2024-06-05,Tart,23,25,4.8,0,Cloudy,Wednesday
2024-06-06,Tart,23,27,4.8,0,Cloudy,Thursday
2024-06-07,Tart,30,35,4.8,0,Sunny,Friday
2024-06-08,Tart,26,32,4.8,0,Cloudy,Saturday
2024-06-09,Tart,31,37,4.8,0,Sunny,Sunday
2024-06-10,Tart,12,14,4.8,0,Cloudy,Monday
2024-06-11,Tart,16,18,4.8,0,Cloudy,Tuesday
2024-06-12,Tart,26,31,4.8,15,Sunny,Wednesday
2024-06-13,Tart,20,23,4.8,0,Sunny,Thursday
2024-06-14,Tart,24,27,4.8,0,Cloudy,Friday
2024-06-15,Tart,49,58,4.8,0,Sunny,Saturday
2024-06-16,Tart,48,57,4.8,0,Sunny,Sunday
2024-06-17,Tart,21,25,4.8,0,Sunny,Monday
2024-06-18,Tart,18,22,4.8,0,Cloudy,Tuesday
2024-06-19,Tart,22,26,4.8,0,Cloudy,Wednesday
2024-06-20,Tart,28,32,4.8,0,Sunny,Thursday
2024-06-21,Tart,45,49,4.8,30,Sunny,Friday
2024-06-22,Tart,41,49,4.8,0,Sunny,Saturday
2024-06-23,Tart,29,32,4.8,0,Cloudy,Sunday
2024-06-24,Tart,14,17,4.8,0,Sunny,Monday
2024-06-25,Tart,22,27,4.8,0,Cloudy,Tuesday
2024-06-26,Tart,26,30,4.8,0,Sunny,Wednesday
2024-06-27,Tart,18,20,4.8,0,Rainy,Thursday
2024-06-28,Tart,32,37,4.8,0,Sunny,Friday
2024-01-01,Cinnamon_Roll,18,22,3.8,0,Sunny,Monday
2024-01-02,Cinnamon_Roll,14,16,3.8,0,Rainy,Tuesday
2024-01-03,Cinnamon_Roll,18,19,3.8,0,Cloudy,Wednesday
2024-01-04,Cinnamon_Roll,25,28,3.8,30,Cloudy,Thursday
2024-01-05,Cinnamon_Roll,17,18,3.8,0,Sunny,Friday
2024-01-06,Cinnamon_Roll,25,29,3.8,0,Sunny,Saturday
2024-01-07,Cinnamon_Roll,29,32,3.8,0,Sunny,Sunday
2024-01-08,Cinnamon_Roll,16,18,3.8,0,Rainy,Monday
2024-01-09,Cinnamon_Roll,21,23,3.8,10,Cloudy,Tuesday
2024-01-10,Cinnamon_Roll,19,22,3.8,0,Cloudy,Wednesday
2024-01-11,Cinnamon_Roll,15,18,3.8,0,Sunny,Thursday
2024-01-12,Cinnamon_Roll,22,26,3.8,15,Rainy,Friday
2024-01-13,Cinnamon_Roll,39,44,3.8,30,Cloudy,Saturday
2024-01-14,Cinnamon_Roll,35,42,3.8,20,Sunny,Sunday
2024-01-15,Cinnamon_Roll,18,20,3.8,10,Sunny,Monday
2024-01-16,Cinnamon_Roll,16,19,3.8,0,Sunny,Tuesday
2024-01-17,Cinnamon_Roll,16,19,3.8,0,Sunny,Wednesday
2024-01-18,Cinnamon_Roll,16,20,3.8,0,Sunny,Thursday
2024-01-19,Cinnamon_Roll,24,27,3.8,10,Sunny,Friday
2024-01-20,Cinnamon_Roll,26,31,3.8,0,Sunny,Saturday
2024-01-21,Cinnamon_Roll,20,25,3.8,0,Cloudy,Sunday
2024-01-22,Cinnamon_Roll,12,15,3.8,0,Sunny,Monday
2024-01-23,Cinnamon_Roll,15,17,3.8,0,Sunny,Tuesday
2024-01-24,Cinnamon_Roll,17,19,3.8,0,Sunny,Wednesday
2024-01-25,Cinnamon_Roll,17,20,3.8,0,Sunny,Thursday
2024-01-26,Cinnamon_Roll,18,21,3.8,0,Cloudy,Friday
2024-01-27,Cinnamon_Roll,24,27,3.8,0,Sunny,Saturday
2024-01-28,Cinnamon_Roll,25,30,3.8,0,Sunny,Sunday
2024-01-29,Cinnamon_Roll,13,15,3.8,0,Cloudy,Monday
2024-01-30,Cinnamon_Roll,17,19,3.8,0,Sunny,Tuesday
2024-01-31,Cinnamon_Roll,16,17,3.8,0,Cloudy,Wednesday
2024-02-01,Cinnamon_Roll,23,25,3.8,30,Sunny,Thursday
2024-02-02,Cinnamon_Roll,20,24,3.8,0,Sunny,Friday
2024-02-03,Cinnamon_Roll,27,29,3.8,0,Rainy,Saturday
2024-02-04,Cinnamon_Roll,28,30,3.8,0,Rainy,Sunday
2024-02-05,Cinnamon_Roll,15,18,3.8,0,Cloudy,Monday
2024-02-06,Cinnamon_Roll,16,18,3.8,0,Sunny,Tuesday
2024-02-07,Cinnamon_Roll,20,24,3.8,0,Sunny,Wednesday
2024-02-08,Cinnamon_Roll,20,22,3.8,0,Cloudy,Thursday
2024-02-09,Cinnamon_Roll,26,29,3.8,10,Sunny,Friday
2024-02-10,Cinnamon_Roll,46,54,3.8,15,Sunny,Saturday
2024-02-11,Cinnamon_Roll,40,44,3.8,30,Sunny,Sunday
2024-02-12,Cinnamon_Roll,17,18,3.8,0,Sunny,Monday
2024-02-13,Cinnamon_Roll,17,20,3.8,0,Rainy,Tuesday
2024-02-14,Cinnamon_Roll,29,34,3.8,0,Sunny,Wednesday
2024-02-15,Cinnamon_Roll,16,17,3.8,0,Cloudy,Thursday
2024-02-16,Cinnamon_Roll,19,23,3.8,0,Sunny,Friday
2024-02-17,Cinnamon_Roll,26,29,3.8,0,Sunny,Saturday
2024-02-18,Cinnamon_Roll,25,28,3.8,0,Sunny,Sunday
2024-02-19,Cinnamon_Roll,13,15,3.8,0,Sunny,Monday
2024-02-20,Cinnamon_Roll,17,18,3.8,0,Rainy,Tuesday
2024-02-21,Cinnamon_Roll,23,25,3.8,15,Cloudy,Wednesday
2024-02-22,Cinnamon_Roll,22,24,3.8,25,Rainy,Thursday
2024-02-23,Cinnamon_Roll,20,21,3.8,0,Rainy,Friday
2024-02-24,Cinnamon_Roll,27,30,3.8,0,Cloudy,Saturday
2024-02-25,Cinnamon_Roll,29,33,3.8,0,Rainy,Sunday
2024-02-26,Cinnamon_Roll,20,24,3.8,10,Sunny,Monday
2024-02-27,Cinnamon_Roll,21,25,3.8,0,Sunny,Tuesday
2024-02-28,Cinnamon_Roll,23,27,3.8,0,Sunny,Wednesday
2024-02-29,Cinnamon_Roll,31,34,3.8,25,Sunny,Thursday
2024-03-01,Cinnamon_Roll,22,26,3.8,0,Sunny,Friday
2024-03-02,Cinnamon_Roll,25,29,3.8,0,Sunny,Saturday
2024-03-03,Cinnamon_Roll,25,30,3.8,0,Cloudy,Sunday
2024-03-04,Cinnamon_Roll,22,24,3.8,20,Sunny,Monday
2024-03-05,Cinnamon_Roll,22,24,3.8,0,Sunny,Tuesday
2024-03-06,Cinnamon_Roll,14,17,3.8,0,Sunny,Wednesday
2024-03-07,Cinnamon_Roll,14,17,3.8,0,Sunny,Thursday
2024-03-08,Cinnamon_Roll,28,31,3.8,0,Cloudy,Friday
2024-03-09,Cinnamon_Roll,33,37,3.8,0,Sunny,Saturday
2024-03-10,Cinnamon_Roll,29,35,3.8,0,Rainy,Sunday
2024-03-11,Cinnamon_Roll,15,17,3.8,0,Cloudy,Monday
2024-03-12,Cinnamon_Roll,13,15,3.8,0,Sunny,Tuesday
2024-03-13,Cinnamon_Roll,13,15,3.8,0,Sunny,Wednesday
2024-03-14,Cinnamon_Roll,12,14,3.8,0,Cloudy,Thursday
2024-03-15,Cinnamon_Roll,19,22,3.8,0,Cloudy,Friday
2024-03-16,Cinnamon_Roll,33,37,3.8,0,Cloudy,Saturday
2024-03-17,Cinnamon_Roll,29,36,3.8,0,Cloudy,Sunday
2024-03-18,Cinnamon_Roll,17,20,3.8,0,Sunny,Monday
2024-03-19,Cinnamon_Roll,19,21,3.8,0,Sunny,Tuesday
2024-03-20,Cinnamon_Roll,17,20,3.8,0,Sunny,Wednesday
2024-03-21,Cinnamon_Roll,15,18,3.8,0,Rainy,Thursday
2024-03-22,Cinnamon_Roll,20,23,3.8,0,Cloudy,Friday
2024-03-23,Cinnamon_Roll,26,32,3.8,0,Sunny,Saturday
2024-03-24,Cinnamon_Roll,28,31,3.8,0,Sunny,Sunday
2024-03-25,Cinnamon_Roll,17,19,3.8,0,Sunny,Monday
2024-03-26,Cinnamon_Roll,18,21,3.8,0,Sunny,Tuesday
2024-03-27,Cinnamon_Roll,19,21,3.8,0,Cloudy,Wednesday
2024-03-28,Cinnamon_Roll,20,22,3.8,0,Cloudy,Thursday
2024-03-29,Cinnamon_Roll,24,28,3.8,0,Rainy,Friday
2024-03-30,Cinnamon_Roll,29,32,3.8,0,Sunny,Saturday
2024-03-31,Cinnamon_Roll,42,45,3.8,0,Sunny,Sunday
2024-04-01,Cinnamon_Roll,11,14,3.8,0,Cloudy,Monday
2024-04-02,Cinnamon_Roll,20,22,3.8,0,Cloudy,Tuesday
2024-04-03,Cinnamon_Roll,21,25,3.8,0,Cloudy,Wednesday
2024-04-04,Cinnamon_Roll,20,22,3.8,0,Cloudy,Thursday
2024-04-05,Cinnamon_Roll,22,26,3.8,0,Sunny,Friday
2024-04-06,Cinnamon_Roll,31,35,3.8,0,Sunny,Saturday
2024-04-07,Cinnamon_Roll,30,35,3.8,0,Sunny,Sunday
2024-04-08,Cinnamon_Roll,16,19,3.8,0,Sunny,Monday
2024-04-09,Cinnamon_Roll,20,23,3.8,0,Sunny,Tuesday
2024-04-10,Cinnamon_Roll,35,41,3.8,0,Sunny,Wednesday
2024-04-11,Cinnamon_Roll,34,39,3.8,25,Cloudy,Thursday
2024-04-12,Cinnamon_Roll,27,30,3.8,0,Sunny,Friday
2024-04-13,Cinnamon_Roll,40,48,3.8,30,Sunny,Saturday
2024-04-14,Cinnamon_Roll,38,45,3.8,30,Rainy,Sunday
2024-04-15,Cinnamon_Roll,19,20,3.8,0,Sunny,Monday
2024-04-16,Cinnamon_Roll,19,23,3.8,0,Sunny,Tuesday
2024-04-17,Cinnamon_Roll,16,20,3.8,0,Cloudy,Wednesday
2024-04-18,Cinnamon_Roll,18,21,3.8,0,Sunny,Thursday
2024-04-19,Cinnamon_Roll,23,27,3.8,0,Sunny,Friday
2024-04-20,Cinnamon_Roll,33,36,3.8,0,Sunny,Saturday
2024-04-21,Cinnamon_Roll,32,39,3.8,0,Sunny,Sunday
2024-04-22,Cinnamon_Roll,18,20,3.8,0,Rainy,Monday
2024-04-23,Cinnamon_Roll,21,23,3.8,0,Cloudy,Tuesday
2024-04-24,Cinnamon_Roll,20,22,3.8,0,Cloudy,Wednesday
2024-04-25,Cinnamon_Roll,19,21,3.8,0,Rainy,Thursday
2024-04-26,Cinnamon_Roll,24,28,3.8,15,Cloudy,Friday
2024-04-27,Cinnamon_Roll,32,37,3.8,0,Sunny,Saturday
2024-04-28,Cinnamon_Roll,32,35,3.8,0,Rainy,Sunday
2024-04-29,Cinnamon_Roll,19,23,3.8,0,Sunny,Monday
2024-04-30,Cinnamon_Roll,27,32,3.8,20,Cloudy,Tuesday
2024-05-01,Cinnamon_Roll,26,29,3.8,10,Rainy,Wednesday
2024-05-02,Cinnamon_Roll,15,17,3.8,0,Sunny,Thursday
2024-05-03,Cinnamon_Roll,20,24,3.8,0,Sunny,Friday
2024-05-04,Cinnamon_Roll,34,38,3.8,0,Sunny,Saturday
2024-05-05,Cinnamon_Roll,38,44,3.8,15,Sunny,Sunday
2024-05-06,Cinnamon_Roll,16,19,3.8,0,Cloudy,Monday
2024-05-07,Cinnamon_Roll,20,23,3.8,0,Rainy,Tuesday
2024-05-08,Cinnamon_Roll,22,24,3.8,0,Sunny,Wednesday
2024-05-09,Cinnamon_Roll,20,23,3.8,0,Sunny,Thursday
2024-05-10,Cinnamon_Roll,23,25,3.8,0,Sunny,Friday
2024-05-11,Cinnamon_Roll,33,39,3.8,0,Sunny,Saturday
2024-05-12,Cinnamon_Roll,44,51,3.8,0,Sunny,Sunday
2024-05-13,Cinnamon_Roll,15,17,3.8,0,Sunny,Monday
2024-05-14,Cinnamon_Roll,27,32,3.8,30,Rainy,Tuesday
2024-05-15,Cinnamon_Roll,20,23,3.8,0,Sunny,Wednesday
2024-05-16,Cinnamon_Roll,20,24,3.8,0,Sunny,Thursday
2024-05-17,Cinnamon_Roll,24,28,3.8,0,Cloudy,Friday
2024-05-18,Cinnamon_Roll,32,35,3.8,0,Sunny,Saturday
2024-05-19,Cinnamon_Roll,25,30,3.8,0,Rainy,Sunday
2024-05-20,Cinnamon_Roll,15,17,3.8,0,Rainy,Monday
2024-05-21,Cinnamon_Roll,21,25,3.8,0,Sunny,Tuesday
2024-05-22,Cinnamon_Roll,20,22,3.8,0,Sunny,Wednesday
2024-05-23,Cinnamon_Roll,28,33,3.8,20,Sunny,Thursday
2024-05-24,Cinnamon_Roll,20,22,3.8,0,Sunny,Friday
2024-05-25,Cinnamon_Roll,29,33,3.8,0,Sunny,Saturday
2024-05-26,Cinnamon_Roll,28,31,3.8,0,Cloudy,Sunday
2024-05-27,Cinnamon_Roll,24,28,3.8,25,Sunny,Monday
2024-05-28,Cinnamon_Roll,28,31,3.8,20,Sunny,Tuesday
2024-05-29,Cinnamon_Roll,35,39,3.8,30,Sunny,Wednesday
2024-05-30,Cinnamon_Roll,23,26,3.8,0,Rainy,Thursday
2024-05-31,Cinnamon_Roll,23,26,3.8,0,Sunny,Friday
2024-06-01,Cinnamon_Roll,33,40,3.8,0,Sunny,Saturday
2024-06-02,Cinnamon_Roll,31,36,3.8,0,Sunny,Sunday
2024-06-03,Cinnamon_Roll,13,15,3.8,0,Rainy,Monday
2024-06-04,Cinnamon_Roll,20,22,3.8,0,Sunny,Tuesday
2024-06-05,Cinnamon_Roll,19,21,3.8,0,Cloudy,Wednesday
2024-06-06,Cinnamon_Roll,17,18,3.8,0,Cloudy,Thursday
2024-06-07,Cinnamon_Roll,19,23,3.8,0,Sunny,Friday
2024-06-08,Cinnamon_Roll,31,35,3.8,0,Cloudy,Saturday
2024-06-09,Cinnamon_Roll,43,48,3.8,25,Sunny,Sunday
2024-06-10,Cinnamon_Roll,19,23,3.8,15,Cloudy,Monday
2024-06-11,Cinnamon_Roll,24,26,3.8,10,Cloudy,Tuesday
2024-06-12,Cinnamon_Roll,23,27,3.8,0,Sunny,Wednesday
2024-06-13,Cinnamon_Roll,18,22,3.8,0,Sunny,Thursday
2024-06-14,Cinnamon_Roll,21,25,3.8,0,Cloudy,Friday
2024-06-15,Cinnamon_Roll,32,37,3.8,0,Sunny,Saturday
2024-06-16,Cinnamon_Roll,31,33,3.8,0,Sunny,Sunday
2024-06-17,Cinnamon_Roll,16,19,3.8,0,Sunny,Monday
2024-06-18,Cinnamon_Roll,16,18,3.8,0,Cloudy,Tuesday
2024-06-19,Cinnamon_Roll,19,22,3.8,0,Cloudy,Wednesday
2024-06-20,Cinnamon_Roll,24,26,3.8,25,Sunny,Thursday
2024-06-21,Cinnamon_Roll,22,26,3.8,0,Sunny,Friday
2024-06-22,Cinnamon_Roll,37,45,3.8,0,Sunny,Saturday
2024-06-23,Cinnamon_Roll,34,40,3.8,0,Cloudy,Sunday
2024-06-24,Cinnamon_Roll,17,20,3.8,0,Sunny,Monday
2024-06-25,Cinnamon_Roll,22,24,3.8,0,Cloudy,Tuesday
2024-06-26,Cinnamon_Roll,25,28,3.8,0,Sunny,Wednesday
2024-06-27,Cinnamon_Roll,21,25,3.8,0,Rainy,Thursday
2024-06-28,Cinnamon_Roll,25,29,3.8,0,Sunny,Friday
